"Fecha","Último","Apertura","Máximo","Mínimo","Vol.","% var."
"05.10.2026","547,60","535,00","552,50","532,60","18,32K","3,03%"
"02.10.2026","531,50","511,00","532,60","511,00","13,63K","4,77%"
"01.10.2026","507,30","509,50","516,00","503,80","11,49K","0,20%"
"30.09.2026","506,30","512,40","515,90","502,40","8,97K","-0,63%"
"29.09.2026","509,50","502,50","514,00","499,20","9,52K","1,07%"
"28.09.2026","504,10","502,20","510,20","498,60","8,85K","0,30%"
"25.09.2026","502,60","506,60","512,20","502,20","8,73K","-1,43%"
"24.09.2026","509,90","510,60","512,90","502,60","9,77K","0,77%"
"23.09.2026","506,00","507,00","510,30","498,10","11,32K","-0,37%"
"22.09.2026","507,90","506,90","508,60","496,80","12,42K","0,08%"
"21.09.2026","507,50","508,50","515,60","506,30","8,32K","-0,26%"
"18.09.2026","508,80","508,00","513,00","506,60","6,25K","0,04%"
"17.09.2026","508,60","522,80","526,80","507,60","14,23K","-2,94%"
"16.09.2026","524,00","523,50","529,20","517,80","10,59K","0,33%"
"15.09.2026","522,30","520,00","522,00","517,50","0,87K","-0,48%"
"14.09.2026","524,80","528,10","530,40","520,00","3,96K","0,32%"
"11.09.2026","523,10","534,70","539,70","521,00","5,60K","-2,82%"
"10.09.2026","538,30","534,20","542,20","530,40","6,89K","0,75%"
"09.09.2026","534,30","519,90","535,10","518,50","5,61K","2,99%"
"08.09.2026","518,80","529,70","533,70","517,40","13,34K","-1,37%"
"07.09.2026","526,00","526,50","530,20","520,00","4,94K","0,55%"
"04.09.2026","523,10","525,30","533,40","520,70","12,19K","-0,66%"
"03.09.2026","526,60","535,00","537,10","517,40","9,45K","-2,34%"
"02.09.2026","539,20","530,10","541,50","525,50","12,46K","0,97%"
"01.09.2026","534,00","530,20","536,30","514,60","22,20K","3,81%"
"28.08.2026","514,40","528,70","538,50","508,80","19,91K","-1,89%"
"27.08.2026","524,30","517,30","525,00","513,00","19,82K","2,00%"
"26.08.2026","514,00","517,60","527,00","506,00","26,35K","-0,58%"
"25.08.2026","517,00","530,80","533,60","515,00","17,35K","-3,53%"
"24.08.2026","535,90","545,20","545,20","529,10","21,77K","-2,85%"
"21.08.2026","551,60","549,00","562,00","542,20","14,57K","-0,11%"
"20.08.2026","552,20","542,80","566,80","541,50","23,94K","1,84%"
"19.08.2026","542,20","542,00","544,50","534,40","10,29K","0,50%"
"18.08.2026","539,50","523,00","543,60","523,00","16,58K","3,15%"
"17.08.2026","523,00","510,70","524,50","509,20","13,39K","2,31%"
"14.08.2026","511,20","517,90","519,80","509,10","9,55K","-1,29%"
"13.08.2026","517,90","506,10","518,40","503,20","9,88K","2,17%"
"12.08.2026","506,90","512,50","520,90","504,70","15,59K","-0,86%"
"11.08.2026","511,30","505,00","512,00","504,00","11,25K","1,03%"
"10.08.2026","506,10","501,90","509,40","498,90","17,40K","0,54%"
"07.08.2026","503,40","487,70","505,00","487,60","15,97K","3,39%"
"06.08.2026","486,90","477,30","489,70","471,30","12,82K","2,10%"
"05.08.2026","476,90","475,70","480,50","473,50","9,94K","0,89%"
"04.08.2026","472,70","470,10","479,50","469,60","12,03K","0,68%"
"03.08.2026","469,50","461,60","471,60","459,40","12,38K","1,71%"
"31.07.2026","461,60","457,10","463,30","455,40","10,45K","1,07%"
"30.07.2026","456,70","459,60","461,80","454,80","6,95K","-0,37%"
"29.07.2026","458,40","457,90","464,80","455,10","7,75K","0,35%"
"28.07.2026","456,80","458,70","459,40","454,00","6,16K","-0,35%"
"27.07.2026","458,40","459,10","461,90","455,30","6,36K","-0,52%"
"24.07.2026","460,80","461,20","461,60","456,30","6,58K","0,22%"
"23.07.2026","459,80","465,80","469,00","458,50","9,18K","-1,05%"
"22.07.2026","464,70","468,00","471,00","463,50","7,17K","-0,98%"
"21.07.2026","469,30","468,90","471,00","465,10","6,07K","0,45%"
"20.07.2026","467,20","468,50","470,00","462,50","9,45K","-0,57%"
"17.07.2026","469,90","454,60","472,80","452,00","11,57K","5,95%"
"16.07.2026","443,50","447,80","447,80","438,70","0,13K","-1,27%"
"15.07.2026","449,20","463,50","465,40","447,00","3,43K","-3,06%"
"14.07.2026","463,40","463,30","470,40","461,30","5,73K","0,06%"
"13.07.2026","463,10","467,20","469,00","454,60","11,73K","-0,86%"
"10.07.2026","467,10","475,70","475,70","462,20","11,27K","-2,40%"
"09.07.2026","478,60","478,00","481,90","473,40","7,59K","-0,42%"
"08.07.2026","480,60","476,90","484,20","475,30","9,29K","0,99%"
"07.07.2026","475,90","489,10","490,90","471,20","11,28K","-2,56%"
"06.07.2026","488,40","485,40","489,70","472,60","10,25K","0,62%"
"03.07.2026","485,40","482,30","487,50","481,50","3,91K","0,48%"
"02.07.2026","483,10","482,90","490,00","481,60","11,08K","0,04%"
"01.07.2026","482,90","479,20","488,10","478,40","16,18K","1,75%"
"30.06.2026","474,60","476,00","479,90","471,50","12,79K","0,21%"
"29.06.2026","473,60","462,40","481,90","459,10","24,57K","2,07%"
"26.06.2026","464,00","445,20","466,00","443,60","19,10K","4,34%"
"25.06.2026","444,70","444,80","447,90","439,30","9,73K","-0,02%"
"24.06.2026","444,80","442,10","445,70","438,10","8,15K","0,84%"
"23.06.2026","441,10","438,30","443,10","437,40","7,09K","0,16%"
"22.06.2026","440,40","446,10","446,80","438,00","8,97K","-0,09%"
"19.06.2026","440,80","446,10","447,30","439,70","4,74K","-1,01%"
"18.06.2026","445,30","453,30","453,40","443,40","8,32K","-1,53%"
"17.06.2026","452,20","449,90","454,20","444,20","14,34K","0,51%"
"16.06.2026","449,90","442,00","450,80","439,00","9,79K","1,70%"
"15.06.2026","442,40","445,40","445,80","436,50","11,05K","-0,49%"
"12.06.2026","444,60","445,30","450,60","441,50","6,16K","-0,38%"
"11.06.2026","446,30","444,50","453,80","443,30","13,65K","0,54%"
"10.06.2026","443,90","444,10","445,40","438,00","8,05K","-0,25%"
"09.06.2026","445,00","444,50","446,40","439,60","10,51K","-0,02%"
"08.06.2026","445,10","450,30","450,90","442,30","10,26K","-0,40%"
"05.06.2026","446,90","447,80","454,40","445,50","9,37K","-0,51%"
"04.06.2026","449,20","446,80","450,00","443,00","9,77K","0,99%"
"03.06.2026","444,80","448,20","454,60","443,60","11,01K","-0,22%"
"02.06.2026","445,80","449,80","450,80","440,70","13,90K","-0,93%"
"01.06.2026","450,00","440,40","452,70","440,40","19,56K","2,69%"
"29.05.2026","438,20","428,60","440,40","427,30","15,99K","2,94%"
"28.05.2026","425,70","430,50","430,50","424,20","7,80K","-0,95%"
"27.05.2026","429,80","436,40","436,40","429,00","9,32K","-1,63%"
"26.05.2026","436,90","439,90","442,50","435,50","6,97K","-1,24%"
"22.05.2026","442,40","444,40","444,60","438,80","6,26K","-0,58%"
"21.05.2026","445,00","447,80","448,30","442,80","6,01K","0,91%"
"20.05.2026","441,00","440,70","450,00","438,30","8,73K","0,00%"
"19.05.2026","441,00","437,00","446,60","433,80","8,21K","1,03%"
"18.05.2026","436,50","440,00","441,70","432,60","8,12K","-0,46%"
"15.05.2026","438,50","443,30","445,10","436,00","7,31K","-0,99%"
"14.05.2026","442,90","455,00","455,90","441,30","12,37K","-2,74%"
"13.05.2026","455,40","442,20","455,80","442,20","9,75K","3,10%"
"12.05.2026","441,70","438,80","447,60","437,20","7,90K","1,01%"
"11.05.2026","437,30","433,20","439,10","429,20","10,10K","1,23%"
"08.05.2026","432,00","432,50","433,70","427,30","8,38K","0,02%"
"07.05.2026","431,90","436,60","441,40","426,80","11,84K","-1,21%"
"06.05.2026","437,20","449,00","450,30","432,50","16,33K","-3,32%"
"05.05.2026","452,20","452,80","457,70","449,90","14,45K","1,28%"
"01.05.2026","446,50","441,00","448,10","434,60","8,05K","1,73%"
"30.04.2026","438,90","444,80","448,50","437,90","11,57K","-1,33%"
"29.04.2026","444,80","433,80","446,40","433,60","11,63K","2,75%"
"28.04.2026","432,90","428,90","436,00","428,00","9,63K","1,36%"
"27.04.2026","427,10","435,60","439,00","426,70","11,52K","-1,88%"
"24.04.2026","435,30","428,20","435,90","428,00","11,14K","1,82%"
"23.04.2026","427,50","424,30","428,50","422,00","7,22K","0,90%"
"22.04.2026","423,70","424,00","427,00","420,50","8,27K","0,40%"
"21.04.2026","422,00","416,90","423,40","414,40","9,21K","1,05%"
"20.04.2026","417,60","414,90","419,30","409,00","12,64K","1,29%"
"17.04.2026","412,30","419,10","421,40","410,10","11,41K","-1,43%"
"16.04.2026","418,30","413,40","420,60","410,80","14,69K","-0,29%"
"15.04.2026","419,50","425,00","426,50","416,00","0,30K","-1,11%"
"14.04.2026","424,20","413,30","425,20","405,50","4,98K","3,16%"
"13.04.2026","411,20","415,00","418,00","410,40","7,22K","-0,27%"
"10.04.2026","412,30","414,10","421,20","411,10","10,03K","-0,31%"
"09.04.2026","413,60","423,60","424,50","413,10","6,33K","-2,06%"
"08.04.2026","422,30","422,70","428,70","419,40","7,86K","-1,49%"
"07.04.2026","428,70","435,20","435,90","428,00","10,29K","-1,61%"
"02.04.2026","435,70","443,40","448,60","435,00","7,43K","-1,45%"
"01.04.2026","442,10","444,40","447,00","436,40","13,39K","-1,43%"
"31.03.2026","448,50","447,00","454,80","445,30","14,32K","-0,84%"
"30.03.2026","452,30","460,30","467,80","450,70","13,68K","-1,37%"
"27.03.2026","458,60","459,20","460,50","452,90","11,48K","-0,22%"
"26.03.2026","459,60","456,60","462,60","450,40","10,53K","1,23%"
"25.03.2026","454,00","458,40","461,90","448,90","14,11K","-1,86%"
"24.03.2026","462,60","448,60","463,60","447,00","15,21K","3,10%"
"23.03.2026","448,70","451,20","453,50","445,40","14,96K","-0,60%"
"20.03.2026","451,40","449,70","454,90","448,00","19,48K","0,04%"
"19.03.2026","451,20","440,00","455,80","439,50","21,04K","3,16%"
"18.03.2026","437,40","425,00","438,40","424,00","16,54K","2,68%"
"17.03.2026","426,00","414,50","427,00","413,50","17,10K","2,97%"
"16.03.2026","413,70","416,70","417,10","411,20","7,83K","-0,31%"
"13.03.2026","415,00","414,30","421,60","413,10","12,10K","0,17%"
"12.03.2026","414,30","417,00","417,60","410,80","13,65K","0,17%"
"11.03.2026","413,60","421,40","422,00","412,70","9,93K","-1,15%"
"10.03.2026","418,40","411,00","421,70","411,00","14,70K","-0,50%"
"09.03.2026","420,50","420,00","426,40","417,10","26,36K","1,45%"
"06.03.2026","414,50","407,30","416,80","405,60","13,79K","1,97%"
"05.03.2026","406,50","410,90","412,30","406,10","10,72K","-0,68%"
"04.03.2026","409,30","416,50","417,70","408,70","11,88K","-1,23%"
"03.03.2026","414,40","416,00","420,70","413,30","11,52K","0,19%"
"02.03.2026","413,60","410,80","421,50","410,80","18,57K","1,45%"
"27.02.2026","407,70","408,60","409,70","404,10","8,77K","-0,05%"
"26.02.2026","407,90","407,60","411,50","406,80","6,48K","0,20%"
"25.02.2026","407,10","406,50","409,10","404,90","7,22K","-0,02%"
"24.02.2026","407,20","410,00","412,00","406,70","6,84K","-0,24%"
"23.02.2026","408,20","406,50","412,10","404,30","7,54K","0,39%"
"20.02.2026","406,60","403,10","408,40","401,40","8,60K","0,82%"
"19.02.2026","403,30","407,90","409,60","402,00","7,59K","-1,13%"
"18.02.2026","407,90","402,60","408,70","400,80","6,07K","1,34%"
"17.02.2026","402,50","407,10","410,30","401,60","11,67K","-0,86%"
"16.02.2026","406,00","397,80","409,90","396,10","7,98K","2,24%"
"13.02.2026","397,10","377,10","397,00","375,80","0,33K","5,58%"
"12.02.2026","376,10","386,90","387,50","376,00","6,06K","-2,87%"
"11.02.2026","387,20","398,00","398,00","386,40","9,18K","-2,74%"
"10.02.2026","398,10","404,40","405,60","397,10","10,46K","-1,80%"
"09.02.2026","405,40","406,00","407,50","403,20","13,25K","0,25%"
"06.02.2026","404,40","407,80","408,70","404,00","10,58K","-0,86%"
"05.02.2026","407,90","410,00","410,00","406,00","9,64K","-0,95%"
"04.02.2026","411,80","417,50","418,00","410,20","13,85K","-1,39%"
"03.02.2026","417,60","406,00","418,00","405,30","23,09K","3,06%"
"02.02.2026","405,20","404,90","408,10","402,30","19,05K","0,02%"
"30.01.2026","405,10","410,00","410,60","403,20","16,72K","-1,72%"
"29.01.2026","412,20","411,60","413,00","406,50","14,57K","0,00%"
"28.01.2026","412,20","413,70","413,80","408,00","16,89K","-0,24%"
"27.01.2026","413,20","415,00","419,00","411,60","14,06K","-0,24%"
"26.01.2026","414,20","420,00","420,90","413,10","16,85K","-1,12%"
"23.01.2026","418,90","426,00","427,00","418,70","13,05K","-1,64%"
"22.01.2026","425,90","422,50","426,30","420,40","9,61K","1,14%"
"21.01.2026","421,10","422,20","425,80","419,80","9,57K","-0,33%"
"20.01.2026","422,50","427,90","428,10","421,40","7,79K","-1,24%"
"19.01.2026","427,80","427,80","432,00","425,70","4,56K","-0,14%"
"16.01.2026","428,40","420,00","429,00","419,00","10,84K","2,44%"
"15.01.2026","418,20","421,20","421,30","414,60","12,01K","-0,64%"
"14.01.2026","420,90","428,10","429,60","420,00","11,66K","-1,50%"
"13.01.2026","427,30","423,90","430,00","422,40","13,27K","0,92%"
"12.01.2026","423,40","427,00","427,00","420,80","7,90K","-0,59%"
"09.01.2026","425,90","426,80","427,50","421,70","7,20K","-0,47%"
"08.01.2026","427,90","427,40","430,00","426,60","6,10K","0,05%"
"07.01.2026","427,70","424,40","429,40","422,90","7,35K","0,97%"
"06.01.2026","423,60","420,20","424,70","419,00","8,47K","0,59%"
"05.01.2026","421,10","420,50","425,40","419,10","9,11K","0,60%"
"02.01.2026","418,60","427,70","428,70","418,10","8,41K","-2,08%"
"31.12.2025","427,50","426,20","434,60","424,00","8,11K","0,35%"
"30.12.2025","426,00","433,00","434,50","424,50","7,29K","-1,98%"
"29.12.2025","434,60","432,00","436,10","428,70","8,58K","-0,14%"
"24.12.2025","435,20","431,90","435,50","431,50","3,45K","0,76%"
"23.12.2025","431,90","428,00","432,60","425,90","5,84K","1,31%"
"22.12.2025","426,30","427,30","428,70","424,50","4,65K","0,19%"
"19.12.2025","425,50","417,80","426,10","415,50","7,29K","2,31%"
"18.12.2025","415,90","423,00","423,00","415,00","6,73K","-1,52%"
"17.12.2025","422,30","423,10","424,70","421,20","5,49K","-0,17%"
"16.12.2025","423,00","425,90","429,10","422,10","5,28K","-0,80%"
"15.12.2025","426,40","430,00","430,20","420,50","6,52K","-0,70%"
"12.12.2025","429,40","426,00","431,00","424,60","5,64K","1,23%"
"11.12.2025","424,20","425,10","428,30","422,90","5,30K","-0,45%"
"10.12.2025","426,10","419,20","427,80","418,60","6,26K","1,74%"
"09.12.2025","418,80","423,40","424,30","415,50","6,75K","-0,90%"
"08.12.2025","422,60","425,00","426,40","422,00","7,42K","-0,70%"
"05.12.2025","425,60","425,50","430,30","423,50","5,39K","0,09%"
"04.12.2025","425,20","425,30","429,70","424,40","5,74K","-0,23%"
"03.12.2025","426,20","430,50","432,40","425,40","6,79K","-0,75%"
"02.12.2025","429,40","421,90","432,00","421,00","8,01K","1,97%"
"01.12.2025","421,10","434,10","435,10","420,60","12,99K","-3,31%"
"28.11.2025","435,50","434,80","436,70","431,80","6,41K","-0,23%"
"27.11.2025","436,50","434,00","437,70","430,00","5,25K","0,67%"
"26.11.2025","433,60","428,00","434,70","426,50","7,84K","1,33%"
"25.11.2025","427,90","426,10","428,30","423,80","6,51K","0,71%"
"24.11.2025","424,90","424,30","427,10","421,60","7,30K","0,19%"
"21.11.2025","424,10","418,50","425,00","417,40","5,73K","0,98%"
"20.11.2025","420,00","421,40","423,30","419,00","5,25K","0,02%"
"19.11.2025","419,90","421,70","429,40","418,60","10,29K","-0,07%"
"18.11.2025","420,20","418,10","423,00","417,10","10,24K","0,50%"
"17.11.2025","418,10","424,30","425,40","415,90","10,72K","-3,13%"
"14.11.2025","431,60","422,60","432,00","419,40","0,86K","2,20%"
"13.11.2025","422,30","421,10","423,50","413,20","3,59K","1,08%"
"12.11.2025","417,80","408,20","418,60","406,40","7,65K","2,43%"
"11.11.2025","407,90","412,00","413,50","406,50","10,49K","-0,07%"
"10.11.2025","408,20","411,50","413,70","406,40","12,69K","-0,34%"
"07.11.2025","409,60","411,90","416,80","408,10","10,57K","-0,80%"
"06.11.2025","412,90","412,70","419,40","411,80","9,18K","0,05%"
"05.11.2025","412,70","413,40","417,30","410,00","12,13K","-0,17%"
"04.11.2025","413,40","423,80","425,50","412,20","15,25K","-2,34%"
"03.11.2025","423,30","416,40","425,00","414,80","13,69K","1,83%"
"31.10.2025","415,70","413,30","419,20","411,00","10,34K","0,41%"
"30.10.2025","414,00","414,50","416,30","410,00","11,03K","-0,89%"
"29.10.2025","417,70","418,60","419,80","411,60","10,55K","0,14%"
"28.10.2025","417,10","422,30","424,00","416,10","11,03K","-1,21%"
"27.10.2025","422,20","430,80","431,30","415,20","11,31K","-2,11%"
"24.10.2025","431,30","437,10","438,20","430,00","10,23K","-1,48%"
"23.10.2025","437,80","437,40","440,70","434,90","6,05K","0,76%"
"22.10.2025","434,50","435,30","442,60","432,20","10,59K","0,25%"
"21.10.2025","433,40","448,10","449,30","431,50","8,26K","-3,02%"
"20.10.2025","446,90","441,30","447,80","440,40","8,50K","1,80%"
"17.10.2025","439,00","439,80","441,40","432,00","10,51K","-0,36%"
"16.10.2025","440,60","440,70","443,20","438,10","9,00K","0,11%"
"15.10.2025","440,10","450,00","451,20","438,10","11,06K","-2,37%"
"14.10.2025","450,80","442,00","453,20","438,90","10,53K","1,53%"
"13.10.2025","444,00","450,40","451,30","440,00","14,71K","-1,42%"
"10.10.2025","450,40","451,70","454,20","447,30","7,30K","-0,16%"
"09.10.2025","451,10","453,30","453,40","447,10","10,00K","0,09%"
"08.10.2025","450,70","458,80","461,10","450,10","9,93K","-1,59%"
"07.10.2025","458,00","464,00","464,70","454,50","13,62K","-1,38%"
"06.10.2025","464,40","460,00","465,00","457,50","7,55K","1,51%"
"03.10.2025","457,50","461,10","466,30","456,80","7,94K","-0,26%"
"02.10.2025","458,70","454,50","464,50","454,00","8,17K","1,30%"
"01.10.2025","452,80","466,60","468,40","451,60","13,36K","-3,31%"
"30.09.2025","468,30","461,90","469,70","460,20","8,25K","1,30%"
"29.09.2025","462,30","461,40","464,60","458,50","6,64K","0,28%"
"26.09.2025","461,00","462,10","463,60","459,00","5,81K","-0,41%"
"25.09.2025","462,90","458,20","463,40","455,00","7,85K","0,92%"
"24.09.2025","458,70","463,50","464,30","457,80","7,65K","-0,89%"
"23.09.2025","462,80","450,00","463,70","449,10","13,61K","2,62%"
"22.09.2025","451,00","456,80","459,90","450,00","7,05K","-1,03%"
"19.09.2025","455,70","456,10","462,30","453,70","8,89K","0,24%"
"18.09.2025","454,60","459,80","460,00","451,70","10,07K","-0,98%"
"17.09.2025","459,10","467,50","468,60","457,80","9,93K","-1,44%"
"16.09.2025","465,80","465,10","470,30","462,90","8,32K","-5,21%"
"15.09.2025","491,40","487,30","493,70","484,50","1,05K","1,28%"
"12.09.2025","485,20","488,20","490,90","483,60","5,62K","-0,61%"
"11.09.2025","488,20","491,60","492,60","485,00","7,16K","-0,35%"
"10.09.2025","489,90","482,00","493,00","481,40","7,82K","1,37%"
"09.09.2025","483,30","481,00","486,50","480,30","9,46K","0,75%"
"08.09.2025","479,70","480,00","483,10","477,00","10,86K","0,25%"
"05.09.2025","478,50","482,20","483,80","478,20","10,43K","-0,77%"
"04.09.2025","482,20","484,90","485,60","479,00","12,62K","-0,45%"
"03.09.2025","484,40","491,00","494,50","483,70","9,40K","-1,34%"
"02.09.2025","491,00","497,80","502,40","490,00","16,73K","-2,21%"
"01.09.2025","502,10","493,10","503,90","490,50","8,08K","1,91%"
"29.08.2025","492,70","493,00","497,20","489,60","11,49K","-0,10%"
"28.08.2025","493,20","487,30","494,00","485,80","10,40K","0,98%"
"27.08.2025","488,40","488,00","491,50","485,60","10,20K","0,06%"
"26.08.2025","488,10","485,40","489,50","481,50","11,68K","0,29%"
"22.08.2025","486,70","482,60","487,70","479,50","7,42K","0,85%"
"21.08.2025","482,60","489,90","490,60","482,00","9,02K","-1,43%"
"20.08.2025","489,60","478,70","491,50","478,00","12,57K","2,47%"
"19.08.2025","477,80","478,00","480,60","475,10","4,32K","0,23%"
"18.08.2025","476,70","479,60","482,90","474,50","6,97K","-0,94%"
"15.08.2025","481,20","490,50","490,50","477,60","9,15K","-1,68%"
"14.08.2025","489,40","483,60","490,40","482,60","11,54K","0,45%"
"13.08.2025","487,20","485,20","490,30","483,20","11,84K","0,21%"
"12.08.2025","486,20","476,80","487,50","476,80","10,58K","2,38%"
"11.08.2025","474,90","473,80","477,50","469,80","6,54K","0,76%"
"08.08.2025","471,30","463,50","472,60","463,50","8,09K","1,90%"
"07.08.2025","462,50","462,90","471,40","460,90","8,67K","0,09%"
"06.08.2025","462,10","464,10","465,50","461,40","5,77K","-0,32%"
"05.08.2025","463,60","467,90","468,00","460,60","9,67K","-1,11%"
"04.08.2025","468,80","465,60","473,90","464,80","7,97K","0,82%"
"01.08.2025","465,00","467,40","470,80","463,20","7,58K","-0,60%"
"31.07.2025","467,80","470,40","474,20","467,10","6,62K","-0,47%"
"30.07.2025","470,00","473,80","473,90","468,30","7,73K","-1,12%"
"29.07.2025","475,30","474,90","479,90","471,20","7,49K","0,11%"
"28.07.2025","474,80","470,90","476,40","469,00","8,08K","0,81%"
"25.07.2025","471,00","479,00","480,80","470,10","7,17K","-1,92%"
"24.07.2025","480,20","475,00","481,90","471,60","5,76K","1,87%"
"23.07.2025","471,40","472,00","473,30","465,20","6,99K","-0,17%"
"22.07.2025","472,20","475,00","478,70","470,00","6,88K","-0,42%"
"21.07.2025","474,20","485,60","486,30","473,50","7,78K","-2,77%"
"18.07.2025","487,70","486,00","492,00","482,40","9,00K","0,76%"
"17.07.2025","484,00","480,90","486,00","480,60","6,52K","-2,91%"
"16.07.2025","498,50","493,40","493,40","465,00","0,14K","0,89%"
"15.07.2025","494,10","470,80","494,70","466,40","1,64K","5,40%"
"14.07.2025","468,80","483,90","488,20","467,60","5,55K","-3,08%"
"11.07.2025","483,70","482,50","489,30","476,00","7,41K","0,25%"
"10.07.2025","482,50","487,70","492,20","477,40","7,86K","-2,03%"
"09.07.2025","492,50","477,10","494,70","476,90","8,87K","3,51%"
"08.07.2025","475,80","475,70","478,90","472,60","7,29K","-0,19%"
"07.07.2025","476,70","478,20","480,80","470,40","8,40K","-0,85%"
"04.07.2025","480,80","480,50","488,00","474,80","6,30K","-0,15%"
"03.07.2025","481,50","457,80","481,90","455,70","9,18K","4,95%"
"02.07.2025","458,80","466,00","472,10","454,50","13,35K","-0,84%"
"01.07.2025","462,70","472,90","473,70","460,80","12,79K","-2,16%"
"30.06.2025","472,90","483,70","484,50","470,10","9,98K","-2,43%"
"27.06.2025","484,70","477,30","487,50","477,30","7,52K","1,42%"
"26.06.2025","477,90","478,00","481,90","471,30","8,92K","-0,23%"
"25.06.2025","479,00","468,10","479,70","468,10","9,93K","2,35%"
"24.06.2025","468,00","465,50","472,30","464,50","8,59K","0,11%"
"23.06.2025","467,50","475,50","477,50","465,60","10,46K","-1,60%"
"20.06.2025","475,10","481,70","484,40","473,10","10,24K","-1,51%"
"19.06.2025","482,40","470,40","487,00","470,40","7,84K","2,84%"
"18.06.2025","469,10","463,30","472,90","458,70","11,81K","0,82%"
"17.06.2025","465,30","477,00","479,40","463,70","9,58K","-3,02%"
"16.06.2025","479,80","465,00","481,40","460,10","11,17K","3,12%"
"13.06.2025","465,30","470,00","471,20","464,40","7,61K","-0,21%"
"12.06.2025","466,30","472,80","473,70","464,80","9,13K","-1,37%"
"11.06.2025","472,80","465,40","476,00","465,00","12,21K","1,07%"
"10.06.2025","467,80","474,40","475,30","466,60","6,36K","-0,97%"
"09.06.2025","472,40","465,70","474,30","465,20","7,39K","1,55%"
"06.06.2025","465,20","463,80","466,70","460,00","8,95K","0,41%"
"05.06.2025","463,30","467,80","468,00","463,00","8,04K","-1,03%"
"04.06.2025","468,10","475,40","478,00","467,80","6,87K","-1,18%"
"03.06.2025","473,70","470,90","475,60","467,40","7,77K","0,59%"
"02.06.2025","470,90","478,80","484,00","469,80","7,13K","-1,09%"
"30.05.2025","476,10","474,70","480,00","474,00","5,19K","0,53%"
"29.05.2025","473,60","474,90","476,30","468,90","7,24K","0,47%"
"28.05.2025","471,40","483,00","483,00","470,20","9,06K","-2,32%"
"27.05.2025","482,60","486,10","490,70","480,00","8,25K","-0,21%"
"23.05.2025","483,60","486,50","486,60","482,70","7,22K","-0,92%"
"22.05.2025","488,10","498,00","498,70","486,60","7,18K","-1,93%"
"21.05.2025","497,70","489,30","499,40","487,90","6,89K","2,18%"
"20.05.2025","487,10","490,00","491,60","486,00","5,39K","-0,49%"
"19.05.2025","489,50","490,90","494,80","488,60","5,53K","-0,12%"
"16.05.2025","490,10","495,20","496,50","487,50","7,52K","-0,59%"
"15.05.2025","493,00","501,40","501,50","491,40","9,00K","-2,16%"
"14.05.2025","503,90","510,00","511,90","502,40","8,68K","-1,16%"
"13.05.2025","509,80","496,00","510,40","494,20","8,49K","2,99%"
"12.05.2025","495,00","502,20","507,90","492,70","8,36K","-0,98%"
"09.05.2025","499,90","496,50","504,30","492,70","5,70K","1,01%"
"08.05.2025","494,90","486,20","495,80","484,00","6,68K","1,96%"
"07.05.2025","485,40","493,00","493,40","484,00","9,87K","-1,70%"
"06.05.2025","493,80","495,30","502,00","492,30","7,50K","0,84%"
"02.05.2025","489,70","495,20","495,90","488,10","6,88K","-0,83%"
"01.05.2025","493,80","492,60","496,70","490,10","6,91K","0,20%"
"30.04.2025","492,80","498,50","506,90","492,10","8,14K","-0,81%"
"29.04.2025","496,80","505,30","507,70","495,60","6,00K","-1,68%"
"28.04.2025","505,30","513,00","513,20","498,30","8,61K","-1,69%"
"25.04.2025","514,00","504,50","514,70","503,70","6,80K","1,88%"
"24.04.2025","504,50","503,40","505,60","499,10","7,74K","0,24%"
"23.04.2025","503,30","507,90","508,70","500,10","6,78K","-0,49%"
"22.04.2025","505,80","497,80","507,60","493,50","8,04K","1,38%"
"17.04.2025","498,90","500,00","501,40","496,10","5,52K","0,32%"
"16.04.2025","497,30","492,00","498,00","487,70","8,71K","-3,08%"
"15.04.2025","513,10","526,70","526,70","511,10","0,23K","-2,71%"
"14.04.2025","527,40","521,70","532,00","515,30","3,19K","0,84%"
"11.04.2025","523,00","524,00","528,00","520,00","5,38K","-0,17%"
"10.04.2025","523,90","527,40","529,10","521,10","6,54K","2,07%"
"09.04.2025","513,30","522,50","523,60","512,80","8,61K","-1,89%"
"08.04.2025","523,20","534,60","535,30","523,00","9,01K","-2,00%"
"07.04.2025","533,90","535,30","541,50","532,80","7,40K","-0,82%"
"04.04.2025","538,30","541,20","543,60","535,70","7,50K","-1,01%"
"03.04.2025","543,80","550,00","552,90","540,30","5,70K","-1,65%"
"02.04.2025","552,90","546,60","555,00","540,20","7,80K","1,28%"
"01.04.2025","545,90","536,60","547,40","535,90","10,33K","2,06%"
"31.03.2025","534,90","533,10","548,70","531,10","9,91K","-0,15%"
"28.03.2025","535,70","537,80","539,80","531,70","7,53K","-0,39%"
"27.03.2025","537,80","539,10","540,90","532,50","7,58K","-0,46%"
"26.03.2025","540,30","544,20","545,00","539,30","8,12K","-0,81%"
"25.03.2025","544,70","543,40","547,50","538,60","9,29K","0,42%"
"24.03.2025","542,40","550,00","551,80","541,70","6,93K","-1,81%"
"21.03.2025","552,40","561,50","562,60","551,00","7,22K","-2,06%"
"20.03.2025","564,00","557,60","565,70","553,80","5,98K","1,18%"
"19.03.2025","557,40","560,00","563,00","553,40","6,07K","-0,98%"
"18.03.2025","562,90","565,00","566,90","560,70","10,52K","-0,34%"
"17.03.2025","564,80","544,70","565,90","544,70","12,73K","4,30%"
"14.03.2025","541,50","539,60","543,20","530,90","6,53K","0,52%"
"13.03.2025","538,70","533,60","539,50","530,00","6,11K","1,03%"
"12.03.2025","533,20","525,00","540,00","524,90","8,23K","1,66%"
"11.03.2025","524,50","533,60","535,00","524,00","9,37K","-1,19%"
"10.03.2025","530,80","526,70","538,10","524,40","10,91K","1,12%"
"07.03.2025","524,90","522,10","526,90","519,00","6,12K","1,55%"
"06.03.2025","516,90","522,10","523,30","513,20","8,12K","-0,98%"
"05.03.2025","522,00","522,90","528,10","519,80","7,73K","0,77%"
"04.03.2025","518,00","523,50","525,80","516,40","7,27K","-1,30%"
"03.03.2025","524,80","530,70","532,50","524,10","7,82K","-1,46%"
"28.02.2025","532,60","540,90","542,50","530,10","8,65K","-1,32%"
"27.02.2025","539,70","557,00","558,20","536,70","10,25K","-2,70%"
"26.02.2025","554,70","563,50","564,20","553,10","10,03K","-1,61%"
"25.02.2025","563,80","554,00","564,30","552,10","9,81K","1,64%"
"24.02.2025","554,70","559,10","562,90","553,60","13,68K","-0,98%"
"21.02.2025","560,20","551,00","561,30","548,50","10,46K","0,86%"
"20.02.2025","555,40","547,30","555,80","546,70","9,43K","1,42%"
"19.02.2025","547,60","543,10","548,00","541,60","8,36K","1,07%"
"18.02.2025","541,80","543,60","544,30","539,90","9,07K","-0,99%"
"17.02.2025","547,20","540,00","549,00","539,90","5,67K","1,80%"
"14.02.2025","537,50","529,60","538,50","525,40","8,33K","-2,25%"
"13.02.2025","549,90","547,90","554,00","541,80","0,38K","0,84%"
"12.02.2025","545,30","530,00","549,00","530,00","5,08K","2,35%"
"11.02.2025","532,80","526,00","534,30","519,90","8,73K","2,58%"
"10.02.2025","519,40","518,80","525,50","518,00","7,53K","0,33%"
"07.02.2025","517,70","523,70","528,00","516,00","7,71K","-0,90%"
"06.02.2025","522,40","529,40","536,30","521,10","9,69K","-1,12%"
"05.02.2025","528,30","528,00","531,20","524,50","8,39K","0,28%"
"04.02.2025","526,80","514,30","528,30","513,80","12,05K","2,47%"
"03.02.2025","514,10","520,00","520,70","508,90","11,33K","-1,04%"
"31.01.2025","519,50","521,00","522,60","514,30","8,05K","-0,61%"
"30.01.2025","522,70","522,70","524,80","516,20","10,29K","-0,04%"
"29.01.2025","522,90","513,00","523,50","512,50","13,84K","2,23%"
"28.01.2025","511,50","506,00","513,90","504,00","12,33K","0,89%"
"27.01.2025","507,00","499,00","513,00","498,60","15,10K","1,77%"
"24.01.2025","498,20","490,00","501,30","489,50","11,61K","2,32%"
"23.01.2025","486,90","480,70","490,10","478,50","11,24K","1,95%"
"22.01.2025","477,60","468,00","479,70","464,40","7,71K","2,40%"
"21.01.2025","466,40","477,80","480,00","462,60","10,17K","-1,67%"
"20.01.2025","474,30","478,50","480,00","470,20","6,36K","-0,90%"
"17.01.2025","478,60","483,00","484,10","474,30","8,23K","-1,32%"
"16.01.2025","485,00","477,50","493,00","476,40","14,47K","2,65%"
"15.01.2025","472,50","480,00","483,70","470,50","11,88K","-1,81%"
"14.01.2025","481,20","495,20","495,20","478,90","12,60K","-3,06%"
"13.01.2025","496,40","502,00","503,80","492,70","10,85K","-1,41%"
"10.01.2025","503,50","505,00","509,90","499,40","9,51K","0,38%"
"09.01.2025","501,60","503,50","503,60","495,10","11,12K","-0,42%"
"08.01.2025","503,70","508,50","509,30","502,60","9,07K","-0,77%"
"07.01.2025","507,60","509,90","516,70","506,40","9,75K","0,10%"
"06.01.2025","507,10","516,20","520,80","505,00","8,25K","-1,38%"
"03.01.2025","514,20","511,50","516,20","506,60","8,17K","0,23%"
"02.01.2025","513,00","508,60","517,80","506,00","8,51K","1,18%"
"31.12.2024","507,00","504,00","509,50","501,60","5,24K","0,72%"
"30.12.2024","503,40","510,50","514,50","501,20","10,23K","-1,00%"
"27.12.2024","508,50","513,00","513,20","505,60","9,33K","-1,91%"
"24.12.2024","518,40","512,20","519,90","510,70","4,71K","1,21%"
"23.12.2024","512,20","513,60","517,80","506,50","9,26K","0,35%"
"20.12.2024","510,40","509,40","511,40","505,20","7,65K","0,24%"
"19.12.2024","509,20","510,00","513,80","503,00","13,70K","-0,47%"
"18.12.2024","511,60","516,00","518,00","510,10","9,61K","-0,66%"
"17.12.2024","515,00","528,40","532,10","513,50","13,95K","-2,72%"
"16.12.2024","529,40","529,80","537,90","525,40","10,28K","0,27%"
"13.12.2024","528,00","535,10","535,30","524,00","9,78K","-0,94%"
"12.12.2024","533,00","540,80","544,80","529,40","11,00K","-1,44%"
"11.12.2024","540,80","540,00","543,90","534,30","9,43K","0,39%"
"10.12.2024","538,70","551,00","551,00","537,00","20,60K","-2,94%"
"09.12.2024","555,00","559,00","563,10","550,80","6,75K","-1,07%"
"06.12.2024","561,00","552,30","563,80","547,30","8,28K","1,96%"
"05.12.2024","550,20","548,00","551,90","541,20","7,61K","-0,04%"
"04.12.2024","550,40","553,70","553,70","547,50","5,33K","-0,51%"
"03.12.2024","553,20","551,00","559,00","550,10","7,95K","1,00%"
"02.12.2024","547,70","548,30","552,00","540,60","8,67K","0,00%"
"29.11.2024","547,70","556,80","558,20","545,40","9,98K","-1,51%"
"28.11.2024","556,10","559,40","563,00","551,00","3,54K","-0,73%"
"27.11.2024","560,20","559,80","568,40","557,50","7,55K","0,90%"
"26.11.2024","555,20","548,50","559,80","545,00","6,75K","1,76%"
"25.11.2024","545,60","553,60","554,60","545,00","7,95K","-1,45%"
"22.11.2024","553,60","552,50","560,70","550,40","4,85K","-0,04%"
"21.11.2024","553,80","560,10","560,20","549,20","10,39K","-0,98%"
"20.11.2024","559,30","569,20","569,80","555,60","8,02K","-1,65%"
"19.11.2024","568,70","574,20","580,30","564,00","9,63K","-0,84%"
"18.11.2024","573,50","558,50","575,80","555,60","13,29K","5,19%"
"15.11.2024","545,20","545,90","548,50","539,90","0,17K","-0,02%"
"14.11.2024","545,30","538,20","554,10","535,00","1,71K","1,32%"
"13.11.2024","538,20","544,60","544,80","522,30","7,37K","-0,88%"
"12.11.2024","543,00","549,40","550,70","540,20","6,15K","-1,59%"
"11.11.2024","551,80","559,10","560,40","542,40","8,14K","-0,86%"
"08.11.2024","556,60","564,50","566,00","555,00","6,44K","-1,12%"
"07.11.2024","562,90","561,60","569,20","560,80","7,90K","1,28%"
"06.11.2024","555,80","553,00","558,60","550,10","7,04K","-0,02%"
"05.11.2024","555,90","555,20","558,60","551,00","6,37K","0,07%"
"04.11.2024","555,50","562,30","563,30","552,00","8,95K","-0,45%"
"01.11.2024","558,00","576,10","583,60","557,00","9,76K","-3,21%"
"31.10.2024","576,50","569,90","582,10","568,20","8,28K","1,16%"
"30.10.2024","569,90","569,00","572,90","562,00","4,95K","1,01%"
"29.10.2024","564,20","562,00","568,60","561,40","4,09K","0,71%"
"28.10.2024","560,20","565,00","566,30","555,40","6,04K","-1,06%"
"25.10.2024","566,20","570,30","572,00","565,00","5,79K","-0,60%"
"24.10.2024","569,60","572,60","580,00","568,00","5,29K","-0,26%"
"23.10.2024","571,10","566,20","576,50","563,40","5,09K","1,76%"
"22.10.2024","561,20","563,70","568,50","559,00","5,10K","-0,34%"
"21.10.2024","563,10","567,10","571,80","558,40","5,22K","-0,62%"
"18.10.2024","566,60","569,70","577,30","563,50","4,47K","0,16%"
"17.10.2024","565,70","564,70","569,20","559,00","4,83K","0,37%"
"16.10.2024","563,60","577,70","585,30","562,00","5,98K","-2,44%"
"15.10.2024","577,70","572,00","580,70","571,00","5,36K","0,42%"
"14.10.2024","575,30","569,70","577,60","566,20","4,12K","0,98%"
"11.10.2024","569,70","565,50","581,00","563,30","4,82K","0,53%"
"10.10.2024","566,70","561,90","570,00","559,00","5,08K","0,50%"
"09.10.2024","563,90","575,00","575,00","554,60","7,49K","-1,95%"
"08.10.2024","575,10","567,50","582,40","565,00","9,29K","0,86%"
"07.10.2024","570,20","572,50","585,50","565,40","7,62K","-1,16%"
"04.10.2024","576,90","585,00","590,30","569,00","9,45K","-1,22%"
"03.10.2024","584,00","573,90","586,30","566,10","8,01K","1,74%"
"02.10.2024","574,00","585,80","586,50","570,00","7,25K","-1,51%"
"01.10.2024","582,80","578,50","586,50","568,40","6,50K","0,92%"
"30.09.2024","577,50","575,00","578,80","564,20","8,43K","0,23%"
"27.09.2024","576,20","582,80","582,80","573,50","9,49K","-2,98%"
"26.09.2024","593,90","601,30","602,20","592,70","6,44K","-0,54%"
"25.09.2024","597,10","600,00","601,80","588,30","8,19K","0,29%"
"24.09.2024","595,40","587,00","599,60","585,00","6,66K","1,86%"
"23.09.2024","584,50","587,00","602,40","579,20","12,07K","-0,07%"
"20.09.2024","584,90","575,80","590,30","574,70","12,85K","2,87%"
"19.09.2024","568,60","553,30","572,00","553,10","13,30K","2,36%"
"18.09.2024","555,50","535,70","561,20","532,70","15,75K","3,70%"
"17.09.2024","535,70","524,80","537,90","521,20","9,94K","2,43%"
"16.09.2024","523,00","529,50","529,70","517,60","5,97K","-4,67%"
"13.09.2024","548,60","541,00","551,40","538,30","4,79K","1,57%"
"12.09.2024","540,10","530,00","545,20","527,30","5,60K","2,08%"
"11.09.2024","529,10","519,70","530,80","519,20","7,61K","2,02%"
"10.09.2024","518,60","526,90","528,10","518,10","9,41K","-1,46%"
"09.09.2024","526,30","535,40","535,70","523,50","8,40K","-1,26%"
"06.09.2024","533,00","537,20","547,00","531,60","7,57K","-0,71%"
"05.09.2024","536,80","543,00","544,70","535,20","7,49K","-0,43%"
"04.09.2024","539,10","537,50","547,50","535,30","7,03K","-0,50%"
"03.09.2024","541,80","541,70","549,30","536,00","13,67K","1,80%"
"02.09.2024","532,20","546,80","547,70","530,10","5,88K","-2,67%"
"30.08.2024","546,80","556,10","559,00","543,80","7,44K","-1,87%"
"29.08.2024","557,20","545,40","559,30","544,90","11,10K","2,29%"
"28.08.2024","544,70","547,20","550,00","535,20","8,24K","-0,60%"
"27.08.2024","548,00","539,50","549,90","533,00","14,94K","4,24%"
"23.08.2024","525,70","514,70","526,00","514,70","9,87K","2,66%"
"22.08.2024","512,10","507,30","517,60","505,50","8,72K","1,29%"
"21.08.2024","505,60","505,50","507,80","501,70","5,86K","0,62%"
"20.08.2024","502,50","513,70","514,20","501,40","8,36K","-2,18%"
"19.08.2024","513,70","516,30","519,50","512,70","4,61K","-0,58%"
"16.08.2024","516,70","513,50","524,00","511,70","4,37K","0,66%"
"15.08.2024","513,30","517,00","517,50","511,20","2,92K","-0,41%"
"14.08.2024","515,40","523,00","524,90","513,00","5,45K","-1,47%"
"13.08.2024","523,10","523,30","529,20","521,10","4,75K","0,71%"
"12.08.2024","519,40","529,30","531,10","519,00","5,07K","-1,25%"
"09.08.2024","526,00","527,50","533,30","522,80","5,02K","-0,11%"
"08.08.2024","526,60","512,90","532,60","510,10","8,81K","2,35%"
"07.08.2024","514,50","508,50","519,30","506,50","6,58K","1,36%"
"06.08.2024","507,60","514,90","516,00","506,50","5,96K","-1,61%"
"05.08.2024","515,90","513,40","520,20","506,50","9,45K","0,02%"
"02.08.2024","515,80","526,50","527,80","513,40","8,73K","-1,47%"
"01.08.2024","523,50","535,60","539,10","523,00","7,85K","-2,15%"
"31.07.2024","535,00","540,30","544,00","529,40","4,83K","-0,67%"
"30.07.2024","538,60","537,30","539,50","532,70","4,65K","0,35%"
"29.07.2024","536,70","530,50","539,00","530,20","6,71K","1,90%"
"26.07.2024","526,70","531,10","531,30","522,40","6,29K","-0,88%"
"25.07.2024","531,40","526,00","536,10","523,70","10,39K","1,82%"
"24.07.2024","521,90","526,70","531,30","518,90","8,00K","-0,72%"
"23.07.2024","525,70","534,80","534,80","524,50","6,88K","-1,39%"
"22.07.2024","533,10","543,00","543,60","530,00","9,73K","-1,50%"
"19.07.2024","541,20","545,50","548,10","538,50","6,91K","-0,79%"
"18.07.2024","545,50","555,00","555,50","543,50","6,45K","-1,84%"
"17.07.2024","555,70","555,70","557,50","549,40","6,54K","-3,51%"
"16.07.2024","575,90","570,00","583,10","562,70","0,46K","0,75%"
"15.07.2024","571,60","547,10","577,00","544,50","3,19K","4,38%"
"12.07.2024","547,60","553,70","555,00","547,00","4,58K","-1,05%"
"11.07.2024","553,40","559,70","560,30","548,80","4,48K","-0,79%"
"10.07.2024","557,80","553,00","565,60","547,10","5,55K","0,74%"
"09.07.2024","553,70","563,30","563,70","543,80","8,55K","-1,25%"
"08.07.2024","560,70","575,00","579,50","559,20","8,88K","-2,49%"
"05.07.2024","575,00","582,00","588,70","574,00","10,08K","-1,59%"
"04.07.2024","584,30","576,00","587,00","575,10","5,08K","1,53%"
"03.07.2024","575,50","584,10","584,80","575,10","14,45K","-1,51%"
"02.07.2024","584,30","583,20","589,10","579,50","11,51K","-0,27%"
"01.07.2024","585,90","598,70","598,70","581,60","8,15K","-2,09%"
"28.06.2024","598,40","585,30","599,00","577,90","10,28K","2,27%"
"27.06.2024","585,10","570,00","593,30","569,90","12,68K","2,79%"
"26.06.2024","569,20","562,00","570,00","559,30","7,42K","1,34%"
"25.06.2024","561,70","569,50","569,90","556,20","7,85K","-1,47%"
"24.06.2024","570,10","558,60","571,00","554,00","7,74K","2,13%"
"21.06.2024","558,20","553,80","559,80","553,10","4,86K","1,00%"
"20.06.2024","552,70","553,80","561,80","551,40","7,06K","-0,14%"
"19.06.2024","553,50","546,60","556,00","543,60","3,82K","1,26%"
"18.06.2024","546,60","548,70","552,20","545,00","6,98K","-0,35%"
"17.06.2024","548,50","558,00","558,20","548,00","7,46K","-2,42%"
"14.06.2024","562,10","567,00","567,80","560,00","6,25K","-0,93%"
"13.06.2024","567,40","556,00","568,00","555,30","7,58K","2,27%"
"12.06.2024","554,80","549,00","556,00","548,30","5,64K","1,52%"
"11.06.2024","546,50","545,00","553,00","543,30","6,29K","0,42%"
"10.06.2024","544,20","553,30","562,90","543,40","8,19K","-1,64%"
"07.06.2024","553,30","560,30","564,00","546,80","6,42K","-1,34%"
"06.06.2024","560,80","561,50","565,00","559,60","5,47K","0,09%"
"05.06.2024","560,30","557,00","561,50","552,10","6,82K","0,81%"
"04.06.2024","555,80","553,40","557,50","551,30","5,16K","0,63%"
"03.06.2024","552,30","543,00","554,00","541,00","5,83K","1,96%"
"31.05.2024","541,70","539,30","547,90","535,40","5,26K","0,30%"
"30.05.2024","540,10","544,00","544,00","538,60","3,94K","-0,61%"
"29.05.2024","543,40","553,20","554,60","542,40","4,41K","-1,82%"
"28.05.2024","553,50","550,00","554,80","547,30","5,31K","1,39%"
"24.05.2024","545,90","538,80","546,90","535,60","4,20K","1,15%"
"23.05.2024","539,70","542,80","550,90","539,10","5,38K","-0,33%"
"22.05.2024","541,50","544,40","546,10","540,70","4,05K","-0,53%"
"21.05.2024","544,40","552,00","555,00","544,00","5,45K","-1,16%"
"20.05.2024","550,80","535,80","552,00","535,80","8,75K","3,01%"
"17.05.2024","534,70","538,30","542,00","533,20","4,23K","-0,28%"
"16.05.2024","536,20","542,30","542,80","527,70","7,75K","-1,12%"
"15.05.2024","542,30","552,60","553,90","541,30","8,60K","-1,93%"
"14.05.2024","553,00","550,40","555,90","541,60","7,97K","0,55%"
"13.05.2024","550,00","569,40","571,10","549,00","11,17K","-3,39%"
"10.05.2024","569,30","575,60","577,00","568,30","4,37K","-1,09%"
"09.05.2024","575,60","576,00","582,00","571,20","4,87K","0,47%"
"08.05.2024","572,90","584,50","585,10","571,00","6,35K","-2,19%"
"07.05.2024","585,70","574,70","586,40","566,00","8,56K","2,40%"
"03.05.2024","572,00","569,90","576,80","568,70","4,31K","0,26%"
"02.05.2024","570,50","569,60","575,60","566,50","5,59K","0,39%"
"01.05.2024","568,30","568,90","572,50","565,00","5,22K","-0,18%"
"30.04.2024","569,30","572,30","573,90","565,10","3,73K","-0,78%"
"29.04.2024","573,80","566,60","574,00","561,10","7,74K","1,79%"
"26.04.2024","563,70","565,00","574,90","562,30","6,02K","0,02%"
"25.04.2024","563,60","573,20","573,90","560,40","7,19K","-2,25%"
"24.04.2024","576,60","573,60","577,90","572,40","5,76K","0,59%"
"23.04.2024","573,20","570,90","577,50","570,20","5,83K","0,49%"
"22.04.2024","570,40","568,50","576,00","568,30","6,78K","1,22%"
"19.04.2024","563,50","571,00","574,40","561,60","8,90K","-0,95%"
"18.04.2024","568,90","562,10","572,20","560,00","10,76K","1,72%"
"17.04.2024","559,30","568,00","568,70","555,80","14,27K","-1,88%"
"16.04.2024","570,00","580,30","580,30","565,60","11,87K","-7,35%"
"15.04.2024","615,20","628,00","636,40","613,40","0,38K","-2,21%"
"12.04.2024","629,10","628,10","632,10","623,00","3,69K","0,16%"
"11.04.2024","628,10","633,70","634,60","628,00","6,46K","-0,70%"
"10.04.2024","632,50","634,60","638,70","631,30","5,06K","-0,25%"
"09.04.2024","634,10","636,80","638,70","632,30","6,36K","-0,63%"
"08.04.2024","638,10","645,50","648,60","636,90","9,92K","-1,36%"
"05.04.2024","646,90","646,80","659,10","642,00","8,91K","-0,58%"
"04.04.2024","650,70","650,40","653,20","642,00","6,44K","0,46%"
"03.04.2024","647,70","643,20","656,60","642,80","6,92K","0,59%"
"02.04.2024","643,90","653,70","664,60","643,30","12,16K","-1,32%"
"28.03.2024","652,50","646,90","659,20","646,50","9,90K","1,07%"
"27.03.2024","645,60","651,30","653,50","634,20","9,24K","-1,19%"
"26.03.2024","653,40","643,00","655,60","640,40","7,09K","1,87%"
"25.03.2024","641,40","639,10","645,00","638,60","5,03K","0,39%"
"22.03.2024","638,90","637,50","645,50","635,50","8,21K","-0,17%"
"21.03.2024","640,00","630,00","642,30","630,00","11,45K","1,78%"
"20.03.2024","628,80","617,00","630,00","611,60","9,94K","1,44%"
"19.03.2024","619,90","628,00","629,00","615,70","8,14K","-1,29%"
"18.03.2024","628,00","625,20","629,80","622,90","5,37K","0,74%"
"15.03.2024","623,40","617,60","625,20","613,10","6,32K","1,40%"
"14.03.2024","614,80","617,40","622,50","612,50","5,51K","0,03%"
"13.03.2024","614,60","618,30","622,90","604,10","7,32K","-0,18%"
"12.03.2024","615,70","617,80","622,50","614,50","6,14K","-0,23%"
"11.03.2024","617,10","601,00","618,70","600,80","5,53K","3,28%"
"08.03.2024","597,50","602,90","605,70","594,40","5,54K","-1,09%"
"07.03.2024","604,10","609,50","609,80","596,50","7,14K","-1,13%"
"06.03.2024","611,00","595,30","614,00","591,60","9,91K","2,81%"
"05.03.2024","594,30","594,60","600,00","590,00","10,32K","0,22%"
"04.03.2024","593,00","604,60","608,30","592,10","10,03K","-1,59%"
"01.03.2024","602,60","617,90","620,30","600,00","13,33K","-2,03%"
"29.02.2024","615,10","633,30","634,30","612,00","8,03K","-3,13%"
"28.02.2024","635,00","632,00","637,80","630,80","3,86K","0,52%"
"27.02.2024","631,70","625,50","635,70","623,00","4,94K","1,15%"
"26.02.2024","624,50","611,00","631,00","610,00","7,55K","2,03%"
"23.02.2024","612,10","624,10","633,40","611,60","7,72K","-1,23%"
"22.02.2024","619,70","625,00","626,10","614,60","6,35K","-0,93%"
"21.02.2024","625,50","621,20","629,50","619,20","7,03K","0,10%"
"20.02.2024","624,90","630,10","634,20","621,80","6,36K","-1,14%"
"19.02.2024","632,10","639,00","640,10","631,80","1,69K","-0,97%"
"16.02.2024","638,30","629,90","644,90","627,00","6,08K","1,22%"
"15.02.2024","630,60","643,50","643,50","628,60","8,02K","-4,27%"
"14.02.2024","658,70","655,50","660,90","650,00","1,25K","0,08%"
"13.02.2024","658,20","658,30","663,40","653,10","4,09K","-0,12%"
"12.02.2024","659,00","663,50","664,70","654,30","4,08K","-0,98%"
"09.02.2024","665,50","670,00","673,60","661,80","4,88K","-0,03%"
"08.02.2024","665,70","655,80","666,40","648,70","6,29K","1,40%"
"07.02.2024","656,50","655,60","665,40","652,60","4,25K","0,74%"
"06.02.2024","651,70","648,50","661,20","642,80","5,08K","0,77%"
"05.02.2024","646,70","660,80","662,20","645,90","7,44K","-2,12%"
"02.02.2024","660,70","652,00","666,20","649,70","4,93K","1,30%"
"01.02.2024","652,20","668,90","671,00","651,20","6,51K","-2,12%"
"31.01.2024","666,30","664,40","674,00","662,80","6,56K","0,54%"
"30.01.2024","662,70","660,70","668,70","659,60","5,09K","0,09%"
"29.01.2024","662,10","666,90","680,00","660,90","4,85K","-0,90%"
"26.01.2024","668,10","673,70","677,60","665,00","4,71K","-1,07%"
"25.01.2024","675,30","685,00","686,10","672,60","4,89K","-1,46%"
"24.01.2024","685,30","671,40","686,40","664,20","6,54K","2,31%"
"23.01.2024","669,80","662,30","672,40","657,90","4,16K","1,03%"
"22.01.2024","663,00","664,00","669,20","661,10","3,41K","-0,09%"
"19.01.2024","663,60","654,30","668,40","652,30","7,10K","1,89%"
"18.01.2024","651,30","637,50","653,80","636,00","5,57K","2,18%"
"17.01.2024","637,40","644,90","646,00","635,10","8,20K","-1,09%"
"16.01.2024","644,40","631,80","646,10","628,40","10,46K","2,91%"
"15.01.2024","626,20","619,00","629,00","619,00","2,62K","1,29%"
"12.01.2024","618,20","625,00","627,20","615,80","5,40K","-0,75%"
"11.01.2024","622,90","613,00","626,00","612,50","6,07K","1,60%"
"10.01.2024","613,10","620,00","627,50","611,90","6,27K","-1,53%"
"09.01.2024","622,60","626,60","627,50","618,30","5,37K","0,14%"
"08.01.2024","621,70","612,00","623,20","611,10","4,43K","2,40%"
"05.01.2024","607,10","608,90","610,10","597,10","5,43K","0,00%"
"04.01.2024","607,10","606,10","610,40","600,90","3,61K","1,05%"
"03.01.2024","600,80","607,30","613,40","598,00","5,26K","-0,69%"
"02.01.2024","605,00","601,90","613,70","596,00","4,58K","1,48%"
"29.12.2023","596,20","622,50","625,00","590,10","6,77K","-4,21%"
"28.12.2023","622,40","596,00","625,80","590,10","6,76K","4,68%"
"27.12.2023","594,60","595,00","601,00","584,90","7,89K","0,75%"
"22.12.2023","590,20","590,80","596,10","587,10","2,62K","0,60%"
"21.12.2023","586,70","603,30","604,00","585,10","5,77K","-3,15%"
"20.12.2023","605,80","616,10","619,00","604,00","5,20K","-1,53%"
"19.12.2023","615,20","608,00","619,40","605,20","5,17K","0,42%"
"18.12.2023","612,60","622,60","623,20","610,40","5,43K","-2,27%"
"15.12.2023","626,80","634,00","638,70","622,80","3,22K","-0,60%"
"14.12.2023","630,60","629,30","632,80","611,20","7,61K","0,48%"
"13.12.2023","627,60","641,70","655,30","625,10","6,87K","-1,89%"
"12.12.2023","639,70","632,40","641,70","617,70","8,15K","0,31%"
"11.12.2023","637,70","652,30","653,00","632,20","8,30K","-2,55%"
"08.12.2023","654,40","653,90","659,60","648,20","5,54K","1,28%"
"07.12.2023","646,10","655,40","668,50","645,00","12,33K","0,39%"
"06.12.2023","643,60","691,10","692,20","642,00","17,12K","-6,93%"
"05.12.2023","691,50","706,40","713,90","690,00","8,29K","-2,54%"
"04.12.2023","709,50","695,30","713,60","686,50","10,61K","1,82%"
"01.12.2023","696,80","715,10","715,20","693,10","13,95K","-2,83%"
"30.11.2023","717,10","732,00","733,00","714,20","9,40K","-2,40%"
"29.11.2023","734,70","739,30","740,50","733,70","3,02K","-0,47%"
"28.11.2023","738,20","744,00","744,00","733,50","6,29K","-0,99%"
"27.11.2023","745,60","736,00","748,70","735,00","6,56K","1,03%"
"24.11.2023","738,00","742,20","745,50","735,90","6,32K","-1,09%"
"23.11.2023","746,10","742,70","749,00","740,80","1,37K","0,70%"
"22.11.2023","740,90","750,00","751,00","740,00","4,58K","-1,11%"
"21.11.2023","749,20","748,00","750,00","743,80","2,63K","0,38%"
"20.11.2023","746,40","737,50","747,40","735,40","3,69K","1,33%"
"17.11.2023","736,60","734,70","737,80","731,00","2,84K","0,40%"
"16.11.2023","733,70","733,50","739,70","730,30","3,80K","-1,73%"
"15.11.2023","746,60","747,30","750,50","738,80","0,48K","0,44%"
"14.11.2023","743,30","756,90","758,60","740,00","2,58K","-1,72%"
"13.11.2023","756,30","748,50","757,60","746,00","5,93K","1,20%"
"10.11.2023","747,30","758,10","759,90","746,90","6,84K","-1,23%"
"09.11.2023","756,60","750,10","760,50","747,00","3,87K","1,01%"
"08.11.2023","749,00","752,40","752,40","744,10","7,21K","-0,45%"
"07.11.2023","752,40","763,40","772,90","751,30","6,49K","-1,44%"
"06.11.2023","763,40","758,50","767,40","755,60","6,35K","0,77%"
"03.11.2023","757,60","746,40","758,80","742,40","5,77K","1,69%"
"02.11.2023","745,00","753,50","754,80","737,50","5,77K","-0,59%"
"01.11.2023","749,40","733,80","757,60","732,30","10,93K","2,24%"
"31.10.2023","733,00","727,00","737,70","723,90","5,08K","1,05%"
"30.10.2023","725,40","741,60","742,30","723,40","4,52K","-2,21%"
"27.10.2023","741,80","735,10","743,80","733,00","4,73K","1,04%"
"26.10.2023","734,20","745,80","747,70","733,70","4,63K","-1,66%"
"25.10.2023","746,60","745,50","754,30","740,30","4,13K","0,15%"
"24.10.2023","745,50","743,70","748,90","740,40","2,59K","0,36%"
"23.10.2023","742,80","725,00","744,90","718,00","4,95K","2,24%"
"20.10.2023","726,50","736,20","737,50","725,30","3,56K","-1,53%"
"19.10.2023","737,80","739,10","740,60","728,20","4,00K","-0,54%"
"18.10.2023","741,80","740,00","749,00","735,60","8,26K","0,39%"
"17.10.2023","738,90","728,80","741,50","727,00","4,79K","1,92%"
"16.10.2023","725,00","725,60","728,90","719,40","3,61K","-0,32%"
"13.10.2023","727,30","715,40","729,80","712,30","4,47K","2,26%"
"12.10.2023","711,20","707,70","719,10","704,20","4,02K","0,27%"
"11.10.2023","709,30","720,80","724,00","707,20","4,91K","-1,45%"
"10.10.2023","719,70","723,40","725,00","713,10","5,16K","-0,19%"
"09.10.2023","721,10","712,60","722,30","710,80","4,16K","1,68%"
"06.10.2023","709,20","700,10","711,00","697,50","4,19K","1,71%"
"05.10.2023","697,30","692,10","704,60","689,70","3,71K","0,88%"
"04.10.2023","691,20","685,50","699,90","679,00","5,75K","0,30%"
"03.10.2023","689,10","700,60","703,50","687,30","10,76K","-1,80%"
"02.10.2023","701,70","705,50","716,20","700,40","6,21K","-0,59%"
"29.09.2023","705,90","717,30","721,80","703,00","6,00K","-1,49%"
"28.09.2023","716,60","709,00","718,00","704,20","5,60K","1,03%"
"27.09.2023","709,30","709,50","714,80","707,00","5,13K","-0,20%"
"26.09.2023","710,70","718,10","719,40","709,60","4,78K","-1,03%"
"25.09.2023","718,10","729,80","731,20","715,00","4,55K","-1,74%"
"22.09.2023","730,80","731,50","741,10","728,20","4,03K","-0,27%"
"21.09.2023","732,80","724,80","734,80","724,50","3,55K","0,87%"
"20.09.2023","726,50","737,80","738,50","725,00","4,64K","-1,82%"
"19.09.2023","740,00","736,20","744,60","733,20","2,71K","0,56%"
"18.09.2023","735,90","729,70","738,10","720,00","3,96K","-1,66%"
"15.09.2023","748,30","757,40","764,00","748,00","0,33K","-1,20%"
"14.09.2023","757,40","753,00","769,10","751,00","3,23K","1,08%"
"13.09.2023","749,30","748,10","752,10","741,60","5,15K","0,38%"
"12.09.2023","746,50","732,10","752,00","728,40","4,99K","1,81%"
"11.09.2023","733,20","725,90","734,00","724,20","5,98K","0,88%"
"08.09.2023","726,80","738,50","742,50","723,30","4,64K","-0,89%"
"07.09.2023","733,30","723,70","736,70","719,60","4,37K","0,99%"
"06.09.2023","726,10","749,20","749,80","723,00","5,82K","-2,78%"
"05.09.2023","746,90","730,50","753,10","727,40","4,95K","2,29%"
"04.09.2023","730,20","730,00","735,00","730,00","1,92K","0,30%"
"01.09.2023","728,00","715,60","729,40","714,10","4,64K","1,79%"
"31.08.2023","715,20","726,50","734,50","713,60","6,29K","-2,03%"
"30.08.2023","730,00","727,50","740,20","724,60","7,85K","0,70%"
"29.08.2023","724,90","716,60","727,80","716,40","8,37K","2,18%"
"25.08.2023","709,40","693,20","710,00","688,60","5,82K","2,31%"
"24.08.2023","693,40","693,20","696,30","686,00","5,03K","-0,01%"
"23.08.2023","693,50","679,90","699,30","677,00","6,11K","1,78%"
"22.08.2023","681,40","684,50","687,30","680,00","3,04K","-0,06%"
"21.08.2023","681,80","689,40","695,90","681,00","5,49K","-0,76%"
"18.08.2023","687,00","694,00","695,80","685,10","4,34K","-1,12%"
"17.08.2023","694,80","700,40","712,20","692,60","5,64K","-0,97%"
"16.08.2023","701,60","691,10","703,50","689,20","4,38K","1,43%"
"15.08.2023","691,70","696,40","702,00","690,00","4,16K","-0,46%"
"14.08.2023","694,90","697,00","701,00","691,80","3,30K","-0,32%"
"11.08.2023","697,10","689,90","698,50","680,80","5,27K","0,88%"
"10.08.2023","691,00","690,90","695,20","686,70","3,79K","0,57%"
"09.08.2023","687,10","682,70","691,40","682,30","3,19K","1,12%"
"08.08.2023","679,50","680,80","682,80","675,20","4,71K","-0,50%"
"07.08.2023","682,90","685,10","690,00","678,10","5,57K","-0,48%"
"04.08.2023","686,20","696,00","698,20","685,70","5,28K","-1,83%"
"03.08.2023","699,00","698,90","701,50","691,30","5,77K","0,26%"
"02.08.2023","697,20","701,50","703,70","694,40","5,28K","-0,36%"
"01.08.2023","699,70","684,10","700,90","684,10","5,76K","2,40%"
"31.07.2023","683,30","679,00","686,00","678,70","5,46K","0,71%"
"28.07.2023","678,50","684,10","686,30","676,80","4,37K","-1,17%"
"27.07.2023","686,50","688,30","691,70","679,00","4,54K","0,03%"
"26.07.2023","686,30","692,50","696,30","682,30","4,98K","-1,02%"
"25.07.2023","693,40","696,00","698,40","691,30","4,03K","-0,84%"
"24.07.2023","699,30","699,30","705,00","697,70","4,69K","-0,33%"
"21.07.2023","701,60","688,50","702,80","684,20","6,74K","1,84%"
"20.07.2023","688,90","679,00","690,10","676,30","5,38K","1,94%"
"19.07.2023","675,80","663,00","678,30","662,00","4,39K","1,46%"
"18.07.2023","666,10","666,90","673,30","663,10","3,46K","-0,49%"
"17.07.2023","669,40","685,00","685,10","667,70","6,08K","-4,47%"
"14.07.2023","700,70","695,70","699,80","695,70","0,23K","1,02%"
"13.07.2023","693,60","688,40","700,40","687,90","1,15K","0,95%"
"12.07.2023","687,10","683,60","692,60","672,20","3,37K","1,24%"
"11.07.2023","678,70","662,50","683,60","661,90","4,97K","2,06%"
"10.07.2023","665,00","667,20","667,80","657,00","4,43K","-0,17%"
"07.07.2023","666,10","657,80","671,50","657,80","3,27K","1,34%"
"06.07.2023","657,30","659,20","662,80","656,00","4,14K","-0,23%"
"05.07.2023","658,80","648,60","662,60","642,90","5,90K","1,18%"
"04.07.2023","651,10","643,30","651,80","634,90","2,74K","1,21%"
"03.07.2023","643,30","632,70","649,80","627,40","3,45K","1,56%"
"30.06.2023","633,40","626,50","639,40","620,50","4,53K","2,06%"
"29.06.2023","620,60","629,60","631,50","612,10","4,58K","-1,30%"
"28.06.2023","628,80","628,00","638,40","620,00","6,79K","0,26%"
"27.06.2023","627,20","647,90","648,00","614,50","7,42K","-3,27%"
"26.06.2023","648,40","657,90","665,90","647,60","4,88K","-1,35%"
"23.06.2023","657,30","672,00","672,20","655,00","7,02K","-2,46%"
"22.06.2023","673,90","690,20","692,60","671,60","8,78K","-2,81%"
"21.06.2023","693,40","702,60","705,00","691,60","6,14K","-1,11%"
"20.06.2023","701,20","698,40","703,50","689,30","5,26K","0,00%"
"19.06.2023","701,20","704,20","710,80","700,10","1,69K","-0,19%"
"16.06.2023","702,50","688,00","703,30","686,50","4,84K","2,55%"
"15.06.2023","685,00","687,80","695,00","679,00","6,25K","-0,31%"
"14.06.2023","687,10","682,20","688,60","675,00","3,35K","1,04%"
"13.06.2023","680,00","684,10","690,10","677,00","3,50K","-0,67%"
"12.06.2023","684,60","680,90","695,00","678,10","3,90K","0,54%"
"09.06.2023","680,90","694,40","700,50","678,20","6,37K","-1,15%"
"08.06.2023","688,80","671,00","692,60","669,80","4,64K","2,93%"
"07.06.2023","669,20","673,30","677,60","666,50","3,95K","-0,25%"
"06.06.2023","670,90","678,60","681,30","665,70","7,54K","-0,81%"
"05.06.2023","676,40","689,00","696,20","675,70","5,30K","-1,41%"
"02.06.2023","686,10","690,20","693,00","683,70","5,55K","-0,58%"
"01.06.2023","690,10","701,70","703,60","689,70","6,21K","-0,86%"
"31.05.2023","696,10","703,30","705,60","695,10","5,34K","-1,51%"
"30.05.2023","706,80","708,40","718,00","702,30","3,23K","-0,24%"
"26.05.2023","708,50","700,80","714,80","693,50","4,10K","1,65%"
"25.05.2023","697,00","705,30","705,90","691,60","6,93K","-1,55%"
"24.05.2023","708,00","712,00","717,30","705,50","3,94K","-0,76%"
"23.05.2023","713,40","714,60","722,00","712,50","3,30K","0,07%"
"22.05.2023","712,90","714,00","715,40","706,70","2,38K","0,41%"
"19.05.2023","710,00","709,20","717,10","707,90","3,15K","0,48%"
"18.05.2023","706,60","710,80","713,70","703,00","3,45K","-0,72%"
"17.05.2023","711,70","716,80","719,40","704,80","5,30K","-0,46%"
"16.05.2023","715,00","718,00","726,90","713,30","3,47K","-0,27%"
"15.05.2023","716,90","718,50","719,70","707,60","3,06K","0,25%"
"12.05.2023","715,10","709,80","718,30","707,60","3,72K","1,39%"
"11.05.2023","705,30","717,30","721,80","705,00","3,27K","-1,80%"
"10.05.2023","718,20","710,30","720,30","706,10","2,50K","1,28%"
"09.05.2023","709,10","712,40","715,70","703,50","3,48K","-0,92%"
"05.05.2023","715,70","702,30","719,30","697,20","3,52K","2,57%"
"04.05.2023","697,80","687,30","699,50","685,00","3,47K","1,48%"
"03.05.2023","687,60","695,00","696,10","685,70","5,02K","-0,87%"
"02.05.2023","693,60","699,60","713,50","689,30","6,76K","-2,53%"
"28.04.2023","711,60","723,30","725,00","707,50","7,24K","-1,18%"
"27.04.2023","720,10","693,30","730,50","693,00","12,20K","3,60%"
"26.04.2023","695,10","705,70","711,80","693,40","6,01K","-1,42%"
"25.04.2023","705,10","687,70","711,30","683,00","8,35K","2,17%"
"24.04.2023","690,10","675,10","694,40","675,10","9,06K","2,03%"
"21.04.2023","676,40","695,50","695,50","674,80","7,70K","-2,77%"
"20.04.2023","695,70","680,30","697,30","676,00","6,00K","2,29%"
"19.04.2023","680,10","678,40","687,90","677,50","4,10K","0,59%"
"18.04.2023","676,10","666,40","678,30","665,00","3,79K","1,14%"
"17.04.2023","668,50","671,20","676,00","665,00","3,91K","-2,12%"
"14.04.2023","683,00","692,00","696,30","675,00","0,72K","-1,04%"
"13.04.2023","690,20","696,30","706,70","687,80","3,61K","-0,53%"
"12.04.2023","693,90","706,00","706,90","693,00","5,33K","-1,22%"
"11.04.2023","702,50","679,00","706,70","679,00","11,08K","4,35%"
"06.04.2023","673,20","665,50","676,50","651,00","7,61K","1,40%"
"05.04.2023","663,90","638,00","668,50","634,90","12,26K","4,26%"
"04.04.2023","636,80","631,00","638,00","629,30","8,35K","0,54%"
"03.04.2023","633,40","635,00","643,00","632,00","9,29K","0,49%"
"31.03.2023","630,30","630,00","633,10","620,90","8,30K","-0,06%"
"30.03.2023","630,70","620,00","634,80","618,90","8,77K","1,99%"
"29.03.2023","618,40","618,00","619,10","610,80","8,98K","0,36%"
"28.03.2023","616,20","607,00","619,40","605,60","7,62K","2,10%"
"27.03.2023","603,50","598,30","609,00","597,00","4,34K","0,99%"
"24.03.2023","597,60","597,80","600,00","594,10","3,48K","-0,03%"
"23.03.2023","597,80","603,90","608,10","596,00","6,09K","-1,01%"
"22.03.2023","603,90","590,50","605,60","590,30","7,89K","2,39%"
"21.03.2023","589,80","582,70","590,70","581,00","4,09K","1,58%"
"20.03.2023","580,60","582,70","584,80","580,00","2,72K","-0,77%"
"17.03.2023","585,10","588,20","590,70","581,50","3,28K","-0,09%"
"16.03.2023","585,60","581,80","589,00","577,10","4,60K","0,90%"
"15.03.2023","580,40","580,00","583,00","577,10","5,00K","-0,15%"
"14.03.2023","581,30","582,00","587,70","580,30","4,64K","-0,22%"
"13.03.2023","582,60","589,20","589,20","580,10","5,36K","-1,24%"
"10.03.2023","589,90","590,00","592,40","582,00","4,09K","-0,41%"
"09.03.2023","592,30","584,70","594,90","581,60","4,37K","1,08%"
"08.03.2023","586,00","588,20","588,40","582,90","3,38K","-0,37%"
"07.03.2023","588,20","581,50","591,30","580,90","5,85K","1,36%"
"06.03.2023","580,30","590,00","590,00","577,20","6,63K","-1,38%"
"03.03.2023","588,40","576,00","589,80","575,10","5,56K","2,72%"
"02.03.2023","572,80","576,10","580,00","568,40","4,98K","-0,54%"
"01.03.2023","575,90","564,80","576,70","562,00","4,74K","2,40%"
"28.02.2023","562,40","572,30","577,20","561,50","6,21K","-1,56%"
"27.02.2023","571,30","562,00","573,90","560,50","5,75K","1,65%"
"24.02.2023","562,00","575,90","576,20","561,00","7,19K","-2,21%"
"23.02.2023","574,70","567,50","578,30","566,10","5,24K","1,36%"
"22.02.2023","567,00","567,90","572,50","565,70","3,43K","-0,33%"
"21.02.2023","568,90","572,20","575,00","567,30","4,73K","-0,18%"
"20.02.2023","569,90","569,40","574,30","567,70","1,45K","0,33%"
"17.02.2023","568,00","566,70","572,30","565,30","3,03K","0,07%"
"16.02.2023","567,60","567,30","572,70","564,10","5,36K","0,28%"
"15.02.2023","566,00","568,40","568,40","562,20","3,75K","-0,65%"
"14.02.2023","569,70","560,00","570,30","560,00","5,37K","1,19%"
"13.02.2023","563,00","577,00","577,00","559,40","2,03K","-1,37%"
"10.02.2023","570,80","575,00","579,90","567,70","2,76K","-0,26%"
"09.02.2023","572,30","572,10","578,30","565,90","3,88K","0,60%"
"08.02.2023","568,90","558,40","570,20","555,30","6,05K","1,88%"
"07.02.2023","558,40","552,60","561,10","548,40","6,33K","1,60%"
"06.02.2023","549,60","553,00","554,90","547,00","8,46K","-0,31%"
"03.02.2023","551,30","565,00","566,60","549,00","7,92K","-2,73%"
"02.02.2023","566,80","560,00","569,00","553,70","7,79K","0,73%"
"01.02.2023","562,70","582,80","583,40","560,50","12,87K","-3,10%"
"31.01.2023","580,70","570,20","581,60","569,20","8,40K","2,11%"
"30.01.2023","568,70","562,40","569,60","555,50","8,69K","1,12%"
"27.01.2023","562,40","555,00","563,80","553,90","5,60K","1,33%"
"26.01.2023","555,00","546,00","560,00","546,00","5,68K","1,46%"
"25.01.2023","547,00","549,20","549,20","542,00","5,39K","-0,13%"
"24.01.2023","547,70","547,20","549,50","542,50","5,65K","0,05%"
"23.01.2023","547,40","544,00","552,30","543,60","3,24K","0,18%"
"20.01.2023","546,40","546,00","548,00","541,30","3,60K","-0,02%"
"19.01.2023","546,50","550,20","552,30","544,40","4,36K","-0,92%"
"18.01.2023","551,60","560,00","562,10","549,30","5,09K","-1,66%"
"17.01.2023","560,90","552,80","562,20","548,70","6,65K","1,41%"
"16.01.2023","553,10","552,20","555,00","551,30","1,95K","1,06%"
"13.01.2023","547,30","539,00","549,40","536,50","3,60K","1,48%"
"12.01.2023","539,30","545,80","546,60","537,20","4,68K","-0,86%"
"11.01.2023","544,00","546,90","559,00","542,80","5,95K","-0,38%"
"10.01.2023","546,10","536,80","550,70","535,00","6,30K","1,98%"
"09.01.2023","535,50","528,00","538,80","527,20","6,34K","1,57%"
"06.01.2023","527,20","535,40","535,50","527,00","7,59K","-1,40%"
"05.01.2023","534,70","542,40","543,90","534,40","8,76K","-1,55%"
"04.01.2023","543,10","547,30","548,80","542,10","3,19K","-0,80%"
"03.01.2023","547,50","555,20","555,50","545,60","3,96K","-1,24%"
"30.12.2022","554,40","562,30","565,40","553,00","2,98K","-1,32%"
"29.12.2022","561,80","556,70","565,00","556,00","2,85K","1,10%"
"28.12.2022","555,70","560,00","560,60","552,00","5,84K","-2,87%"
"23.12.2022","572,10","575,00","579,60","571,00","1,43K","0,14%"
"22.12.2022","571,30","564,90","573,70","564,70","2,46K","0,92%"
"21.12.2022","566,10","566,40","574,00","563,50","3,85K","0,35%"
"20.12.2022","564,10","556,30","565,00","553,60","3,56K","1,97%"
"19.12.2022","553,20","547,30","558,90","545,90","4,58K","1,17%"
"16.12.2022","546,80","544,50","550,50","542,80","3,38K","0,33%"
"15.12.2022","545,00","553,30","564,50","543,00","6,93K","-1,77%"
"14.12.2022","554,80","537,90","556,40","536,90","6,61K","2,68%"
"13.12.2022","540,30","535,00","542,20","534,30","3,82K","1,18%"
"12.12.2022","534,00","540,40","541,00","531,30","4,53K","-1,37%"
"09.12.2022","541,40","542,50","543,70","538,20","3,11K","0,15%"
"08.12.2022","540,60","540,00","544,50","538,80","2,34K","0,65%"
"07.12.2022","537,10","535,50","538,00","533,00","2,35K","0,41%"
"06.12.2022","534,90","538,30","540,80","533,60","3,57K","-0,78%"
"05.12.2022","539,10","535,00","548,50","535,00","4,33K","1,16%"
"02.12.2022","532,90","537,00","537,00","532,00","3,45K","-1,02%"
"01.12.2022","538,40","540,60","543,60","536,50","3,71K","-0,15%"
"30.11.2022","539,20","536,00","545,30","534,20","5,83K","1,03%"
"29.11.2022","533,70","529,60","537,80","522,20","5,59K","0,96%"
"28.11.2022","528,60","529,40","531,40","524,00","4,83K","-0,21%"
"25.11.2022","529,70","540,90","541,20","529,10","3,82K","-1,74%"
"24.11.2022","539,10","537,50","542,20","537,50","1,51K","0,77%"
"23.11.2022","535,00","537,00","538,70","530,00","3,15K","-0,43%"
"22.11.2022","537,30","535,00","542,60","533,90","4,28K","0,26%"
"21.11.2022","535,90","540,40","541,00","532,70","3,99K","-1,36%"
"18.11.2022","543,30","532,00","550,50","532,00","4,08K","1,86%"
"17.11.2022","533,40","542,30","542,30","528,50","5,36K","-2,06%"
"16.11.2022","544,60","551,30","552,80","543,40","5,60K","-5,97%"
"15.11.2022","579,20","566,80","568,40","561,30","0,95K","1,88%"
"14.11.2022","568,50","565,20","581,40","557,20","2,92K","0,35%"
"11.11.2022","566,50","557,10","569,40","557,10","4,27K","2,05%"
"10.11.2022","555,10","540,50","556,20","537,60","6,34K","2,13%"
"09.11.2022","543,50","536,90","543,90","533,90","7,64K","1,15%"
"08.11.2022","537,30","534,00","538,00","527,60","6,14K","1,22%"
"07.11.2022","530,80","530,00","534,70","526,30","8,94K","-1,52%"
"04.11.2022","539,00","537,30","542,00","535,50","7,25K","0,58%"
"03.11.2022","535,90","537,00","538,20","529,00","4,27K","-0,17%"
"02.11.2022","536,80","533,80","541,40","527,60","6,51K","0,77%"
"01.11.2022","532,70","532,60","539,20","528,40","8,14K","1,04%"
"31.10.2022","527,20","520,00","536,20","517,60","12,75K","2,25%"
"28.10.2022","515,60","519,70","520,40","514,60","5,79K","-0,31%"
"27.10.2022","517,20","519,60","522,20","516,50","4,94K","-0,40%"
"26.10.2022","519,30","524,80","526,50","519,20","6,17K","-0,95%"
"25.10.2022","524,30","526,40","529,10","523,50","4,49K","-0,36%"
"24.10.2022","526,20","529,70","531,80","525,10","4,73K","-1,28%"
"21.10.2022","533,00","527,00","539,90","524,30","6,27K","0,97%"
"20.10.2022","527,90","537,60","539,40","527,10","7,33K","-2,02%"
"19.10.2022","538,80","547,10","549,00","533,00","6,49K","-1,55%"
"18.10.2022","547,30","555,60","556,60","544,10","7,74K","-1,74%"
"17.10.2022","557,00","558,20","559,60","555,30","2,79K","-0,41%"
"14.10.2022","559,30","560,00","561,40","557,00","2,47K","0,38%"
"13.10.2022","557,20","555,00","559,30","549,60","2,68K","0,47%"
"12.10.2022","554,60","559,00","567,90","553,20","4,45K","-0,61%"
"11.10.2022","558,00","552,60","560,20","546,60","3,93K","0,47%"
"10.10.2022","555,40","553,00","563,10","550,00","4,28K","0,47%"
"07.10.2022","552,80","551,30","555,00","548,30","3,25K","0,27%"
"06.10.2022","551,30","537,80","552,30","536,80","4,77K","3,12%"
"05.10.2022","534,60","535,10","539,00","531,80","3,16K","0,28%"
"04.10.2022","533,10","523,40","535,00","523,00","4,35K","1,70%"
"03.10.2022","524,20","531,90","532,00","523,00","2,41K","-0,85%"
"30.09.2022","528,70","531,00","533,00","526,80","2,10K","-0,21%"
"29.09.2022","529,80","527,50","531,70","523,90","3,38K","0,44%"
"28.09.2022","527,50","528,10","530,90","520,70","4,82K","-0,15%"
"27.09.2022","528,30","536,70","539,20","526,50","3,23K","-1,10%"
"26.09.2022","534,20","532,70","541,30","532,00","3,39K","0,28%"
"23.09.2022","532,70","535,00","535,80","528,10","3,21K","-0,78%"
"22.09.2022","536,90","522,00","540,30","521,70","6,41K","2,93%"
"21.09.2022","521,60","530,20","531,80","518,00","4,92K","-1,16%"
"20.09.2022","527,70","525,90","531,50","521,30","4,72K","-0,02%"
"16.09.2022","527,80","539,80","541,00","526,00","5,49K","-15,25%"
"15.09.2022","622,80","606,50","633,00","603,60","1,11K","2,98%"
"14.09.2022","604,80","602,40","610,50","598,90","2,79K","-0,25%"
"13.09.2022","606,30","615,00","620,30","598,00","5,32K","-1,09%"
"12.09.2022","613,00","590,50","614,00","581,90","6,52K","4,25%"
"09.09.2022","588,00","581,40","589,70","575,10","4,85K","1,34%"
"08.09.2022","580,20","572,90","581,20","567,00","6,38K","1,58%"
"07.09.2022","571,20","572,00","574,20","567,60","8,15K","-0,35%"
"06.09.2022","573,20","579,30","581,40","571,80","9,65K","-1,43%"
"05.09.2022","581,50","575,00","583,80","575,00","2,85K","1,34%"
"02.09.2022","573,80","561,80","578,20","561,30","6,58K","2,63%"
"01.09.2022","559,10","549,70","562,20","547,20","9,02K","1,51%"
"31.08.2022","550,80","550,20","553,40","546,50","6,34K","0,42%"
"30.08.2022","548,50","560,00","560,00","548,00","5,02K","-2,04%"
"26.08.2022","559,90","548,30","560,00","548,30","3,74K","2,19%"
"25.08.2022","547,90","552,10","555,30","542,00","2,50K","-0,29%"
"24.08.2022","549,50","552,00","558,00","545,00","2,66K","-0,05%"
"23.08.2022","549,80","551,00","552,00","547,30","2,39K","0,05%"
"22.08.2022","549,50","547,10","550,90","542,00","2,61K","-0,11%"
"19.08.2022","550,10","539,80","551,00","539,00","3,15K","2,08%"
"18.08.2022","538,90","549,30","550,70","538,00","3,11K","-2,37%"
"17.08.2022","552,00","555,20","556,60","544,70","3,40K","-0,34%"
"16.08.2022","553,90","560,40","560,60","551,30","3,07K","-1,27%"
"15.08.2022","561,00","560,10","563,30","558,00","3,85K","0,16%"
"12.08.2022","560,10","557,30","560,90","555,40","2,93K","0,90%"
"11.08.2022","555,10","552,50","560,00","548,00","3,89K","0,98%"
"10.08.2022","549,70","546,20","551,90","543,00","3,23K","1,31%"
"09.08.2022","542,60","548,10","549,00","540,00","3,21K","-0,46%"
"08.08.2022","545,10","551,40","554,90","536,70","5,47K","-1,05%"
"05.08.2022","550,90","530,40","552,80","529,90","7,66K","4,34%"
"04.08.2022","528,00","528,70","532,40","525,80","2,88K","0,06%"
"03.08.2022","527,70","520,00","531,30","519,60","4,39K","1,07%"
"02.08.2022","522,10","521,90","524,20","518,00","3,90K","-0,34%"
"01.08.2022","523,90","527,40","528,20","517,00","3,99K","-0,63%"
"29.07.2022","527,20","534,40","536,70","525,50","4,42K","-0,83%"
"28.07.2022","531,60","514,00","534,00","512,60","10,55K","4,19%"
"27.07.2022","510,20","511,00","515,30","509,60","2,76K","0,04%"
"26.07.2022","510,00","517,80","520,20","508,10","5,16K","-0,41%"
"25.07.2022","512,10","523,00","523,60","507,60","7,85K","-2,16%"
"22.07.2022","523,40","531,90","533,60","523,00","5,99K","-1,73%"
"21.07.2022","532,60","537,00","537,70","529,30","4,68K","-0,62%"
"20.07.2022","535,90","539,00","543,00","535,70","3,02K","-0,69%"
"19.07.2022","539,60","551,40","558,60","538,30","5,69K","-2,62%"
"18.07.2022","554,10","561,30","564,40","553,00","3,79K","-7,43%"
"15.07.2022","598,60","588,80","600,00","588,80","0,28K","0,50%"
"14.07.2022","595,60","588,80","598,50","588,50","1,48K","1,26%"
"13.07.2022","588,20","583,00","596,00","579,70","3,54K","1,61%"
"12.07.2022","578,90","573,50","580,10","568,60","5,62K","1,33%"
"11.07.2022","571,30","568,00","579,70","563,50","3,40K","0,42%"
"08.07.2022","568,90","556,00","570,40","554,60","4,15K","2,50%"
"07.07.2022","555,00","559,70","562,00","553,60","5,89K","-0,05%"
"06.07.2022","555,30","550,00","566,10","548,70","6,33K","1,33%"
"05.07.2022","548,00","553,00","557,90","546,00","5,26K","-0,99%"
"04.07.2022","553,50","549,40","556,40","549,40","3,11K","0,75%"
"01.07.2022","549,40","556,00","557,10","546,40","4,82K","-1,29%"
"30.06.2022","556,60","555,00","562,00","550,20","4,66K","0,51%"
"29.06.2022","553,80","553,00","556,40","547,60","2,53K","0,24%"
"28.06.2022","552,50","543,30","554,80","540,80","4,71K","2,01%"
"27.06.2022","541,60","542,30","549,60","538,20","5,20K","-0,37%"
"24.06.2022","543,60","550,50","551,10","541,20","6,04K","-1,34%"
"23.06.2022","551,00","553,00","555,90","550,30","4,02K","-0,36%"
"22.06.2022","553,00","558,60","560,00","552,00","4,44K","-1,18%"
"21.06.2022","559,60","567,10","567,90","559,00","2,81K","-1,03%"
"20.06.2022","565,40","561,20","568,40","558,00","1,32K","0,71%"
"17.06.2022","561,40","563,50","570,70","557,00","3,62K","0,47%"
"16.06.2022","558,80","560,50","565,30","556,00","3,17K","-0,36%"
"15.06.2022","560,80","569,30","569,60","556,60","3,30K","-1,46%"
"14.06.2022","569,10","562,40","570,00","562,00","2,47K","0,62%"
"13.06.2022","565,60","564,20","567,00","555,00","4,52K","0,23%"
"10.06.2022","564,30","577,10","578,50","562,20","3,18K","-2,49%"
"09.06.2022","578,70","563,50","579,90","560,00","4,18K","2,70%"
"08.06.2022","563,50","565,20","570,00","556,00","7,27K","0,02%"
"07.06.2022","563,40","590,00","595,00","561,10","7,34K","-5,15%"
"06.06.2022","594,00","583,00","599,60","581,00","6,69K","2,75%"
"01.06.2022","578,10","570,20","587,10","568,60","4,85K","1,01%"
"31.05.2022","572,30","575,10","579,20","570,50","4,41K","-0,42%"
"30.05.2022","574,70","568,20","575,40","567,80","1,98K","1,22%"
"27.05.2022","567,80","564,60","569,60","563,40","3,70K","0,42%"
"26.05.2022","565,40","559,60","566,00","555,20","4,77K","0,27%"
"25.05.2022","563,90","559,50","564,00","555,70","4,40K","1,33%"
"24.05.2022","556,50","550,00","559,80","550,00","5,12K","0,82%"
"23.05.2022","552,00","560,00","561,90","551,80","3,55K","-1,09%"
"20.05.2022","558,10","555,40","559,00","550,40","3,54K","1,14%"
"19.05.2022","551,80","552,60","555,00","548,00","2,51K","-0,40%"
"18.05.2022","554,00","556,30","559,60","551,80","3,20K","-0,14%"
"17.05.2022","554,80","550,00","560,10","544,30","5,73K","1,02%"
"16.05.2022","549,20","540,10","549,50","538,00","5,18K","2,52%"
"13.05.2022","535,70","523,50","536,20","522,30","4,16K","2,84%"
"12.05.2022","520,90","514,00","522,50","509,70","4,93K","1,15%"
"11.05.2022","515,00","521,10","521,20","514,50","4,32K","-0,64%"
"10.05.2022","518,30","523,70","524,40","518,00","2,40K","-0,59%"
"09.05.2022","521,40","528,70","528,90","518,70","3,42K","-1,86%"
"06.05.2022","531,30","522,30","531,80","519,00","2,92K","1,72%"
"05.05.2022","522,30","518,00","524,20","517,40","2,70K","1,04%"
"04.05.2022","516,90","519,50","522,00","516,50","4,24K","-0,40%"
"03.05.2022","519,00","524,50","524,80","518,50","4,76K","-1,96%"
"29.04.2022","529,40","529,70","533,70","526,40","2,79K","0,36%"
"28.04.2022","527,50","524,00","528,90","519,00","3,71K","0,76%"
"27.04.2022","523,50","518,80","529,70","518,30","3,83K","0,58%"
"26.04.2022","520,50","523,00","527,50","519,20","3,70K","-0,12%"
"25.04.2022","521,10","528,00","528,00","518,70","5,64K","-1,77%"
"22.04.2022","530,50","540,10","540,40","529,20","5,86K","-1,96%"
"21.04.2022","541,10","536,10","542,60","533,20","3,23K","0,76%"
"20.04.2022","537,00","537,00","540,80","536,50","3,28K","-0,19%"
"19.04.2022","538,00","549,70","554,00","537,10","5,50K","-5,41%"
"14.04.2022","568,80","577,60","577,60","572,50","0,87K","-1,28%"
"13.04.2022","576,20","563,40","577,10","561,70","3,25K","2,27%"
"12.04.2022","563,40","561,20","564,50","558,60","5,75K","0,73%"
"11.04.2022","559,30","556,70","559,70","554,30","4,96K","-0,20%"
"08.04.2022","560,40","549,60","560,60","549,00","4,57K","2,13%"
"07.04.2022","548,70","549,20","553,50","545,80","4,95K","0,57%"
"06.04.2022","545,60","545,80","548,50","540,70","4,22K","0,18%"
"05.04.2022","544,60","542,30","548,70","540,10","5,84K","0,72%"
"04.04.2022","540,70","539,20","544,10","538,00","4,03K","0,41%"
"01.04.2022","538,50","540,00","541,30","536,60","4,92K","-0,55%"
"31.03.2022","541,50","535,00","546,90","534,30","5,40K","0,80%"
"30.03.2022","537,20","547,90","547,90","536,60","8,01K","-0,67%"
"29.03.2022","540,80","554,00","555,80","540,00","6,01K","-2,52%"
"28.03.2022","554,80","562,30","562,80","551,60","4,69K","-1,40%"
"25.03.2022","562,70","550,80","563,70","550,30","5,38K","2,20%"
"24.03.2022","550,60","549,60","555,40","548,70","2,74K","0,40%"
"23.03.2022","548,40","546,50","549,50","545,10","2,67K","0,29%"
"22.03.2022","546,80","547,70","552,90","545,70","4,76K","-0,47%"
"21.03.2022","549,40","541,50","550,50","540,00","5,42K","2,48%"
"18.03.2022","536,10","526,90","536,90","523,50","4,21K","1,92%"
"17.03.2022","526,00","523,60","532,80","523,60","3,55K","0,65%"
"16.03.2022","522,60","522,10","527,60","519,80","3,25K","-0,02%"
"15.03.2022","522,70","524,00","525,00","518,00","4,41K","-1,34%"
"14.03.2022","529,80","527,00","530,20","527,00","3,07K","-0,08%"
"11.03.2022","530,20","527,20","532,40","520,60","4,94K","0,51%"
"10.03.2022","527,50","526,10","538,70","525,50","4,97K","0,27%"
"09.03.2022","526,10","541,30","542,20","525,00","5,89K","-1,90%"
"08.03.2022","536,30","531,00","544,50","526,10","6,52K","0,56%"
"07.03.2022","533,30","545,50","548,00","532,10","6,35K","0,19%"
"04.03.2022","532,30","522,20","535,70","520,90","5,85K","1,93%"
"03.03.2022","522,20","515,20","523,00","513,20","7,19K","1,36%"
"02.03.2022","515,20","510,20","516,40","506,40","7,80K","1,16%"
"01.03.2022","509,30","499,20","510,00","497,30","6,54K","2,68%"
"28.02.2022","496,00","493,60","497,80","491,10","4,03K","0,69%"
"25.02.2022","492,60","498,00","498,70","490,60","4,93K","-1,38%"
"24.02.2022","499,50","501,50","511,00","496,00","8,61K","0,77%"
"23.02.2022","495,70","495,10","497,00","492,90","6,11K","0,28%"
"22.02.2022","494,30","490,00","494,70","488,60","7,11K","1,69%"
"21.02.2022","486,10","485,60","486,30","482,10","0,93K","0,25%"
"18.02.2022","484,90","485,30","490,60","483,00","3,03K","-0,39%"
"17.02.2022","486,80","483,30","488,00","478,80","3,77K","0,85%"
"16.02.2022","482,70","480,10","485,80","480,00","2,98K","0,56%"
"15.02.2022","480,00","481,60","484,50","479,40","3,45K","-0,46%"
"14.02.2022","482,20","486,20","489,70","481,20","4,94K","-3,83%"
"11.02.2022","501,40","507,10","510,30","496,60","1,37K","-1,76%"
"10.02.2022","510,40","503,70","512,60","503,70","4,04K","1,43%"
"09.02.2022","503,20","502,30","510,00","500,50","7,35K","0,72%"
"08.02.2022","499,60","493,10","500,30","492,00","10,40K","1,36%"
"07.02.2022","492,90","499,50","500,90","492,50","5,39K","-1,12%"
"04.02.2022","498,50","495,00","500,50","494,00","6,39K","1,22%"
"03.02.2022","492,50","490,20","495,10","486,60","6,85K","0,67%"
"02.02.2022","489,20","499,60","500,20","488,20","5,34K","-2,06%"
"01.02.2022","499,50","494,60","503,70","490,00","5,78K","1,42%"
"31.01.2022","492,50","497,80","498,90","489,10","6,35K","-0,55%"
"28.01.2022","495,20","501,00","501,00","493,00","5,34K","-0,90%"
"27.01.2022","499,70","499,70","501,90","497,60","3,85K","-0,02%"
"26.01.2022","499,80","500,80","503,90","497,10","3,85K","-0,83%"
"25.01.2022","504,00","505,30","508,00","501,10","2,73K","-0,10%"
"24.01.2022","504,50","504,90","506,20","498,00","4,15K","-0,18%"
"21.01.2022","505,40","504,00","508,50","501,40","4,43K","-0,37%"
"20.01.2022","507,30","512,10","514,80","505,80","4,67K","-0,55%"
"19.01.2022","510,10","510,70","512,50","507,70","5,92K","0,20%"
"18.01.2022","509,10","508,70","512,20","506,50","7,62K","0,16%"
"17.01.2022","508,30","504,00","508,40","504,00","2,32K","1,13%"
"14.01.2022","502,60","499,60","503,90","496,10","2,67K","1,07%"
"13.01.2022","497,30","503,90","504,60","495,10","5,18K","-1,19%"
"12.01.2022","503,30","490,70","504,90","490,70","6,91K","2,76%"
"11.01.2022","489,80","483,00","491,50","482,40","4,70K","1,77%"
"10.01.2022","481,30","488,30","489,20","477,60","8,13K","-0,93%"
"07.01.2022","485,80","487,80","492,30","484,00","6,70K","-0,06%"
"06.01.2022","486,10","487,80","490,50","485,50","4,29K","-0,43%"
"05.01.2022","488,20","492,50","493,90","488,00","4,77K","-1,43%"
"04.01.2022","495,30","495,00","500,40","492,50","4,72K","-0,36%"
"31.12.2021","497,10","496,50","499,80","495,00","2,13K","0,49%"
"30.12.2021","494,70","498,90","501,50","491,60","2,99K","-1,28%"
"29.12.2021","501,10","501,40","502,30","495,00","1,84K","0,58%"
"28.12.2021","498,20","504,00","506,00","497,00","3,47K","-1,01%"
"23.12.2021","503,30","500,50","505,60","499,40","2,11K","0,08%"
"22.12.2021","502,90","494,90","505,70","493,60","3,17K","2,19%"
"21.12.2021","492,10","488,30","492,80","488,00","2,53K","0,88%"
"20.12.2021","487,80","494,90","495,00","486,50","4,51K","-2,05%"
"17.12.2021","498,00","501,40","502,50","497,20","3,59K","-1,27%"
"16.12.2021","504,40","505,20","509,30","501,10","2,15K","0,24%"
"15.12.2021","503,20","507,80","507,80","500,70","2,29K","-1,51%"
"14.12.2021","510,90","512,20","513,60","509,00","2,20K","0,16%"
"13.12.2021","510,10","511,30","513,50","508,90","2,10K","-0,25%"
"10.12.2021","511,40","508,70","513,60","507,60","2,28K","0,14%"
"09.12.2021","510,70","513,40","513,50","505,30","2,16K","-0,58%"
"08.12.2021","513,70","504,80","515,80","501,30","3,87K","1,60%"
"07.12.2021","505,60","497,60","506,40","497,10","4,42K","1,81%"
"06.12.2021","496,60","491,10","496,90","486,80","4,53K","1,99%"
"03.12.2021","486,90","488,90","490,90","486,00","3,82K","0,45%"
"02.12.2021","484,70","485,00","486,80","482,50","3,50K","0,10%"
"01.12.2021","484,20","490,10","491,00","483,70","4,69K","-0,29%"
"30.11.2021","485,60","495,60","497,50","484,80","7,12K","-2,43%"
"29.11.2021","497,70","504,50","508,30","497,50","3,11K","-0,74%"
"26.11.2021","501,40","507,50","509,00","495,80","8,41K","-1,92%"
"25.11.2021","511,20","512,60","514,40","510,10","0,75K","0,00%"
"24.11.2021","511,20","519,20","519,70","509,40","2,61K","-1,39%"
"23.11.2021","518,40","507,80","518,80","505,60","3,44K","2,05%"
"22.11.2021","508,00","512,80","513,70","506,10","3,89K","-0,90%"
"19.11.2021","512,60","517,60","521,20","511,50","3,10K","-0,77%"
"18.11.2021","516,60","526,00","527,40","516,00","4,65K","-1,54%"
"17.11.2021","524,70","514,70","525,20","513,70","3,92K","2,14%"
"16.11.2021","513,70","509,20","516,00","509,20","2,28K","-2,00%"
"15.11.2021","524,20","529,00","530,60","522,10","0,58K","-0,57%"
"12.11.2021","527,20","525,80","530,20","522,10","1,81K","0,84%"
"11.11.2021","522,80","510,30","526,30","509,00","3,78K","3,08%"
"10.11.2021","507,20","515,80","517,00","506,10","4,68K","-1,42%"
"09.11.2021","514,50","515,00","518,40","513,20","5,60K","0,10%"
"08.11.2021","514,00","507,80","515,70","507,80","4,91K","1,24%"
"05.11.2021","507,70","507,10","511,10","504,60","4,95K","0,18%"
"04.11.2021","506,80","506,80","514,50","506,20","3,50K","0,10%"
"03.11.2021","506,30","507,60","509,70","506,00","3,25K","-0,57%"
"02.11.2021","509,20","511,00","516,00","508,00","4,65K","-0,39%"
"01.11.2021","511,20","508,90","515,80","508,20","3,51K","0,41%"
"29.10.2021","509,10","517,30","518,80","507,20","5,15K","-1,26%"
"28.10.2021","515,60","515,70","517,90","512,10","4,29K","-0,56%"
"27.10.2021","518,50","512,20","519,70","510,60","5,58K","1,41%"
"26.10.2021","511,30","506,00","511,50","504,70","3,05K","1,17%"
"25.10.2021","505,40","500,20","506,70","496,80","4,31K","0,96%"
"22.10.2021","500,60","503,30","505,10","497,20","2,27K","-0,04%"
"21.10.2021","500,80","503,10","505,30","499,00","2,20K","-0,28%"
"20.10.2021","502,20","501,70","505,90","498,20","3,14K","0,34%"
"19.10.2021","500,50","507,80","508,60","500,00","5,98K","-1,34%"
"18.10.2021","507,30","519,00","519,00","505,70","4,70K","-2,44%"
"15.10.2021","520,00","515,50","522,50","514,40","2,67K","1,38%"
"14.10.2021","512,90","516,10","522,20","507,00","4,28K","-0,23%"
"13.10.2021","514,10","516,30","521,80","512,40","3,73K","-0,56%"
"12.10.2021","517,00","520,80","524,20","516,40","3,81K","-0,94%"
"11.10.2021","521,90","521,80","527,30","519,60","4,00K","0,42%"
"08.10.2021","519,70","512,90","522,70","512,00","3,73K","1,80%"
"07.10.2021","510,50","512,00","514,40","509,00","3,43K","0,39%"
"06.10.2021","508,50","507,00","509,90","504,20","2,26K","0,20%"
"05.10.2021","507,50","502,50","512,50","502,50","3,76K","0,97%"
"04.10.2021","502,60","508,20","510,70","501,60","3,16K","-1,62%"
"01.10.2021","510,90","511,00","515,80","509,10","3,20K","-0,37%"
"30.09.2021","512,80","505,80","513,70","501,40","2,87K","1,54%"
"29.09.2021","505,00","510,40","511,20","504,00","1,88K","-0,94%"
"28.09.2021","509,80","501,00","511,60","499,40","4,41K","1,47%"
"27.09.2021","502,40","505,60","508,20","501,90","1,99K","-0,38%"
"24.09.2021","504,30","513,50","514,80","503,70","2,47K","-1,77%"
"23.09.2021","513,40","511,30","514,00","508,40","1,75K","1,02%"
"22.09.2021","508,20","503,10","510,00","502,10","1,97K","1,40%"
"21.09.2021","501,20","499,80","505,70","497,50","2,00K","0,66%"
"20.09.2021","497,90","501,10","504,80","495,90","3,19K","-1,37%"
"17.09.2021","504,80","517,20","517,20","502,00","3,85K","-1,58%"
"16.09.2021","512,90","516,50","519,60","510,50","4,54K","0,20%"
"15.09.2021","511,90","501,00","510,90","501,00","0,75K","3,29%"
"14.09.2021","495,60","486,60","496,50","483,20","1,62K","2,25%"
"13.09.2021","484,70","465,00","488,90","464,50","4,96K","4,35%"
"10.09.2021","464,50","474,30","474,70","462,90","5,10K","-2,23%"
"09.09.2021","475,10","483,50","483,60","472,60","5,19K","-1,33%"
"08.09.2021","481,50","484,00","488,20","480,60","5,56K","-0,23%"
"07.09.2021","482,60","485,90","487,80","481,80","5,34K","-0,84%"